,WORD,frequency,mean_dist_procrustes,mean_dist_globalanchors,std_from_meanvec,sum_deltas_procrustes,sum_deltas_globalanchors
0,школьный_ADJ,9.048587824291636e-05,0.27338795363903046,0.9454652666463517,0.012100745923817158,0.09677886962890625,-0.3333333333333333
1,привычный_ADJ,9.361578995070072e-05,0.22436431050300598,0.9574888492934406,0.008980732411146164,0.05911475419998169,-0.3333333333333333
2,либеральный_ADJ,2.2568747643039314e-05,0.2532709091901779,0.9292292860336602,0.014632373116910458,0.26487278938293457,0.3333333333333333
3,следственный_ADJ,2.2752080331490132e-05,0.22843550145626068,0.9031879265094176,0.029499385505914688,0.2478051781654358,-0.3333333333333333
4,верхний_ADJ,0.0001222352572042727,0.24875907599925995,0.8800833324203268,0.014688174240291119,0.12900888919830322,-0.3333333333333333
5,федеральный_ADJ,0.00011945656951713674,0.33661622554063797,0.7006446830928326,0.09457732737064362,0.39158669114112854,0.3333333333333333
6,уличный_ADJ,2.9031339650849828e-05,0.2633267194032669,0.7490531578660011,0.017552705481648445,0.15479546785354614,0.3333333333333333
7,кавказский_ADJ,2.896742189290706e-05,0.30893774330616,0.7405253443866968,0.037115443497896194,0.3202040195465088,-0.3333333333333333
8,кривой_ADJ,3.0305114283875568e-05,0.3244277238845825,0.637930266559124,0.0054800743237137794,0.12646865844726562,0.3333333333333333
9,парадный_ADJ,3.0035151586999747e-05,0.2268357276916504,0.7867511585354805,0.018447473645210266,0.11942183971405029,-0.3333333333333333
10,рекламный_ADJ,3.319769762929806e-05,0.3297942578792572,0.818977571092546,0.052395403385162354,0.33020445704460144,-0.3333333333333333
11,неизменный_ADJ,3.293153823423661e-05,0.23435676097869873,0.8996271269279532,0.012193124741315842,0.08667200803756714,-0.3333333333333333
12,медный_ADJ,5.096287308866491e-05,0.2911986708641052,0.6079479977488518,0.017513994127511978,0.17688119411468506,-0.3333333333333333
13,украинский_ADJ,5.1152682514205974e-05,0.2735515385866165,0.8282133303582668,0.0362037718296051,0.20644670724868774,-0.3333333333333333
14,языковой_ADJ,2.5742690426552415e-05,0.23541708290576935,0.9541017016163096,0.020210260525345802,0.24721139669418335,-0.3333333333333333
15,милицейский_ADJ,2.5260638183448194e-05,0.30194510519504547,0.7260775286704302,0.03762763366103172,0.2532324194908142,-0.3333333333333333
16,инженерный_ADJ,2.5089362904115572e-05,0.21799150109291077,0.9232708802446723,0.007621945347636938,0.27531206607818604,-0.3333333333333333
17,генетический_ADJ,2.4703704038904016e-05,0.24862615764141083,0.9272220290731639,0.030517591163516045,0.29576003551483154,-0.3333333333333333
18,невероятный_ADJ,6.109305888548216e-05,0.1947561651468277,0.9448609761893749,0.015275661833584309,0.05407613515853882,-0.3333333333333333
19,поздний_ADJ,6.115097023347044e-05,0.22510673105716705,0.9424603959778324,0.021405108273029327,0.1696571707725525,0.3333333333333333
20,существенный_ADJ,7.179796651881604e-05,0.16041110455989838,0.9482132468838245,0.01479976437985897,0.1572200059890747,-1.0
21,небесный_ADJ,6.947412685373275e-05,0.298472598195076,0.7727286648005247,0.017016751691699028,0.08440607786178589,-0.3333333333333333
22,греческий_ADJ,5.173860244019952e-05,0.22806373238563538,0.7974336631596088,0.02018013969063759,0.10569363832473755,-0.3333333333333333
23,неведомый_ADJ,5.1784983147633736e-05,0.22041626274585724,0.9447876336053014,0.009605586528778076,0.04432028532028198,-0.3333333333333333
24,желтый_ADJ,0.00013167151269884253,0.23490388691425323,0.6764415577054024,0.005578318145126104,0.09029239416122437,-0.3333333333333333
25,творческий_ADJ,0.0001325627333798898,0.22552011907100677,0.96979128010571,0.02031133510172367,0.09831035137176514,-0.3333333333333333
26,водный_ADJ,5.389687204718879e-05,0.312225878238678,0.8612567661330104,0.028388381004333496,0.18389016389846802,-0.3333333333333333
27,деревенский_ADJ,5.357584328975196e-05,0.26580575108528137,0.7444816827774048,0.009875564835965633,0.06627649068832397,0.3333333333333333
28,товарный_ADJ,2.3662865676573297e-05,0.34750789403915405,0.8863181169144809,0.03539365530014038,0.3155628442764282,-0.3333333333333333
29,минувший_ADJ,2.465385620852677e-05,0.19177719950675964,0.9526824277127162,0.027462536469101906,0.24951231479644775,-0.3333333333333333
30,первый_ADJ,0.002095904290788464,0.12936396896839142,0.8924791952595115,0.011042234487831593,0.09990596771240234,-0.3333333333333333
31,сам_ADJ,0.002562393171377174,0.21910695731639862,0.938133955001831,0.019532831385731697,0.10426551103591919,-0.3333333333333333
32,второй_ADJ,0.000812786992344618,0.2102411687374115,0.9297279715538025,0.0161442868411541,0.06341862678527832,-0.3333333333333333
33,советский_ADJ,0.0007240070746913886,0.2121056169271469,0.9770549829117954,0.025878848508000374,0.21025067567825317,-0.3333333333333333
34,кожаный_ADJ,5.1789362354255394e-05,0.1624426692724228,0.6702596209943295,0.017827443778514862,0.13381046056747437,0.3333333333333333
35,скорый_ADJ,5.197513334402938e-05,0.22380058467388153,0.9518022999400273,0.02156718447804451,0.17132019996643066,-0.3333333333333333
36,земной_ADJ,0.0001363399389813494,0.30343565344810486,0.9578430205583572,0.014651301316916943,0.08585530519485474,-0.3333333333333333
37,хорошо_ADJ,0.0001434029897651488,0.21326899528503418,0.9701792425476015,0.01613573729991913,0.05987215042114258,-1.0
38,боевой_ADJ,0.0001641044923838053,0.29285381734371185,0.9229579125531018,0.01309982780367136,0.1393064260482788,-0.3333333333333333
39,прежний_ADJ,0.00016191833823250254,0.20374418795108795,0.9363452061079443,0.01347745768725872,0.08177179098129272,0.3333333333333333
40,латинский_ADJ,2.891661664491569e-05,0.25319768488407135,0.7965785302221775,0.016804588958621025,0.219008207321167,-0.3333333333333333
41,многолетний_ADJ,2.881790130950578e-05,0.23304180800914764,0.9246611393755302,0.025239111855626106,0.14527320861816406,-0.3333333333333333
42,достаточный_ADJ,9.659627702530845e-05,0.2275998890399933,0.9319346509873867,0.016448553651571274,0.07928282022476196,-0.3333333333333333
43,южный_ADJ,9.669962380011473e-05,0.26463717222213745,0.8806702019646764,0.016952311620116234,0.11183762550354004,-0.3333333333333333
44,сельский_ADJ,9.3650338014149e-05,0.2863193303346634,0.9134366642683744,0.010872164741158485,0.12113404273986816,-0.3333333333333333
45,характерный_ADJ,9.510194265547898e-05,0.2257755994796753,0.9626657232875004,0.013805096037685871,0.039719581604003906,-0.3333333333333333
46,золотой_ADJ,0.00019865470354193108,0.33057238161563873,0.7388128004968166,0.022605301812291145,0.09799587726593018,-0.3333333333333333
47,экономический_ADJ,0.00019278953194363927,0.23192480206489563,0.9579831012524664,0.0255952887237072,0.21636271476745605,-0.3333333333333333
48,2-й_ADJ,2.8772482546496537e-05,0.2101307064294815,0.8755957381799817,0.018358470872044563,0.1847238540649414,-0.3333333333333333
49,кремлевский_ADJ,2.864319346266972e-05,0.3035157322883606,0.8389492142014205,0.0378977470099926,0.3379133939743042,-0.3333333333333333
50,склонный_ADJ,3.3637928935536555e-05,0.21353420615196228,0.9783057176973671,0.01464027725160122,0.14472228288650513,-0.3333333333333333
51,легко_ADJ,3.3683064964942127e-05,0.21624614298343658,0.9742355645330463,0.01615148037672043,0.13553953170776367,-0.3333333333333333
52,принятый_ADJ,3.4562378380881646e-05,0.23620370030403137,0.9455502112396061,0.02010601945221424,0.09873753786087036,0.3333333333333333
53,публичный_ADJ,3.437004928295974e-05,0.2788901776075363,0.9603640092536807,0.01832282915711403,0.2548271417617798,-0.3333333333333333
54,немалый_ADJ,4.629703317046443e-05,0.16892144083976746,0.9586431201314554,0.014034707099199295,0.10589170455932617,-0.3333333333333333
55,аналогичный_ADJ,4.705212052321996e-05,0.23179510235786438,0.9562117168679833,0.025485193356871605,0.22316116094589233,-0.3333333333333333
56,исходный_ADJ,4.7142804423152876e-05,0.2327365279197693,0.9547701972769573,0.016073018312454224,0.13214659690856934,-0.3333333333333333
57,тогдашний_ADJ,4.716802924678351e-05,0.3094012886285782,0.9826808741781861,0.008626180700957775,0.1694926619529724,-0.3333333333333333
58,кровавый_ADJ,4.037678048120472e-05,0.20868897438049316,0.6734335534274578,0.013893675059080124,0.09414011240005493,-0.3333333333333333
59,секретный_ADJ,4.0136394475911554e-05,0.22780834138393402,0.9477154677733779,0.02421952411532402,0.1735297441482544,-0.3333333333333333
60,праздничный_ADJ,4.16965760854431e-05,0.19326013326644897,0.8638536366634071,0.018890276551246643,0.09339505434036255,0.3333333333333333
61,воинский_ADJ,4.079292080870925e-05,0.2045435607433319,0.9090248476713896,0.015712570399045944,0.1657465100288391,-0.3333333333333333
62,боковой_ADJ,3.711412463794929e-05,0.23132868111133575,0.8746230974793434,0.018876180052757263,0.17955505847930908,-0.3333333333333333
63,столичный_ADJ,3.66135756259899e-05,0.2833871692419052,0.891655572631862,0.03472818806767464,0.23907217383384705,-0.3333333333333333
64,положенный_ADJ,6.561005162654384e-05,0.28679656982421875,0.949097344186157,0.013956286944448948,0.13576781749725342,-0.3333333333333333
65,китайский_ADJ,6.587559625628662e-05,0.35044820606708527,0.7896448401734233,0.026803530752658844,0.16925853490829468,-0.3333333333333333
66,народный_ADJ,0.00022026972457698098,0.3200194388628006,0.9101091141346842,0.0325305312871933,0.09003275632858276,-0.3333333333333333
67,общественный_ADJ,0.0002234027336539561,0.2746763974428177,0.9617647906998172,0.017686566337943077,0.11100524663925171,-0.3333333333333333
68,божий_ADJ,8.883915740246351e-05,0.22088634967803955,0.8349397405982018,0.020360276103019714,0.1266801953315735,0.3333333333333333
69,учебный_ADJ,8.979056284785473e-05,0.2844596356153488,0.9594052038155496,0.027567826211452484,0.2186536192893982,-0.3333333333333333
70,необычный_ADJ,7.361372456457797e-05,0.20838594436645508,0.9671517496462911,0.007298137992620468,0.06634962558746338,-0.3333333333333333
71,православный_ADJ,7.40473960385937e-05,0.2672747075557709,0.9356008915783605,0.01974087581038475,0.14562100172042847,-0.3333333333333333
72,ленинский_ADJ,5.522577628820886e-05,0.3050991892814636,0.9008643850684166,0.03190420940518379,0.2360132336616516,-0.3333333333333333
73,служебный_ADJ,5.5468736510221895e-05,0.2733525335788727,0.9609664021991193,0.024804608896374702,0.20468497276306152,-0.3333333333333333
74,дальнейший_ADJ,0.00016021504037944746,0.2218785136938095,0.954916647169739,0.007994186133146286,0.08590954542160034,-0.3333333333333333
75,нынешний_ADJ,0.00015529367413023967,0.26626452803611755,0.9706903437618166,0.01642349734902382,0.11133140325546265,0.3333333333333333
76,третий_ADJ,0.00043337559370769965,0.1934606432914734,0.9377786461263895,0.010488792322576046,0.08304846286773682,-0.3333333333333333
77,красный_ADJ,0.0004476508554183848,0.32093848288059235,0.7082811146974564,0.023272434249520302,0.08760422468185425,-0.3333333333333333
78,двойной_ADJ,4.9000099605920536e-05,0.36108407378196716,0.890186135249678,0.030480053275823593,0.1239822506904602,-0.3333333333333333
79,коричневый_ADJ,4.890645001533364e-05,0.1964488923549652,0.6602797359228134,0.012419101782143116,0.08986771106719971,0.3333333333333333
80,вечерний_ADJ,6.337866737820241e-05,0.22460021078586578,0.8775876713916659,0.023468535393476486,0.10758382081985474,0.3333333333333333
81,передний_ADJ,6.346344479848758e-05,0.26001687347888947,0.8308896864764392,0.013927366584539413,0.11432462930679321,-0.3333333333333333
82,христианский_ADJ,6.535650796814861e-05,0.17863276600837708,0.9632340278476477,0.018811043351888657,0.14388346672058105,-0.3333333333333333
83,ленинградский_ADJ,6.515049838218449e-05,0.27147725224494934,0.9295429575722665,0.02335943654179573,0.10021775960922241,-0.3333333333333333
84,шестой_ADJ,6.393957718617392e-05,0.20676012337207794,0.9545685756020248,0.01675100065767765,0.16837680339813232,-0.3333333333333333
85,серебряный_ADJ,6.48729966778864e-05,0.24582597613334656,0.6221507862210274,0.02747180312871933,0.1314067840576172,-0.3333333333333333
86,быстрый_ADJ,9.018539811164008e-05,0.22907404601573944,0.9302478197496384,0.018279235810041428,0.07123512029647827,-0.3333333333333333
87,взрослый_ADJ,8.967006196875093e-05,0.26457108557224274,0.983453749679029,0.01062731072306633,0.0686078667640686,-0.3333333333333333
88,гражданский_ADJ,0.0001446336880717198,0.2966699153184891,0.9497517866548151,0.034325458109378815,0.19998741149902344,-0.3333333333333333
89,женский_ADJ,0.0001469565460388574,0.28587983548641205,0.8333390783518553,0.02153812162578106,0.10581481456756592,0.3333333333333333
90,ядерный_ADJ,6.218187885695017e-05,0.26342980563640594,0.9263040081132203,0.013782638125121593,0.19362008571624756,-0.3333333333333333
91,юридический_ADJ,6.190936579892164e-05,0.24661590158939362,0.9509902419522405,0.0383780300617218,0.27416640520095825,-0.3333333333333333
92,восьмой_ADJ,4.580133680834126e-05,0.19229324162006378,0.9259680570103228,0.020756488665938377,0.20850050449371338,-0.3333333333333333
93,налоговый_ADJ,4.4905390961133576e-05,0.38960641622543335,0.7482385155744851,0.03676148131489754,0.37173378467559814,0.3333333333333333
94,теоретический_ADJ,6.173169370557204e-05,0.18153616786003113,0.9739934525132412,0.011445727199316025,0.1503710150718689,-0.3333333333333333
95,философский_ADJ,6.21475683118289e-05,0.2427566796541214,0.9557019023341127,0.0133573729544878,0.13656353950500488,0.3333333333333333
96,спортивный_ADJ,8.707747783428799e-05,0.27888742089271545,0.9325365135446191,0.024926990270614624,0.10780203342437744,-0.3333333333333333
97,тайный_ADJ,8.854547104565134e-05,0.28057435154914856,0.9503303314268123,0.020001627504825592,0.09243029356002808,-0.3333333333333333
98,широкий_ADJ,0.00027144349710502626,0.22621576488018036,0.9276870279572904,0.015001500956714153,0.11272662878036499,-0.3333333333333333
99,внутренний_ADJ,0.0002854358950646818,0.281083345413208,0.956398400652688,0.02580885961651802,0.11878460645675659,-0.3333333333333333
100,верховный_ADJ,6.749819046697141e-05,0.27612143754959106,0.797775621060282,0.04350731521844864,0.26870107650756836,-0.3333333333333333
101,рыжий_ADJ,6.793363383640337e-05,0.25624150037765503,0.609320692718029,0.012548775412142277,0.11930036544799805,0.3333333333333333
102,социальный_ADJ,0.00023790158670770637,0.2718537151813507,0.9615948286373168,0.020476704463362694,0.12085586786270142,-0.3333333333333333
103,американский_ADJ,0.00023642893997264243,0.2666315734386444,0.9369705561548471,0.018006086349487305,0.07954490184783936,-0.3333333333333333
104,горький_ADJ,7.247341583310007e-05,0.2664030194282532,0.8631833512336016,0.008818034082651138,0.03477299213409424,0.3333333333333333
105,заметный_ADJ,7.237336184733174e-05,0.17925024032592773,0.9201902570202947,0.009365196339786053,0.10370653867721558,-0.3333333333333333
106,смертный_ADJ,4.482781621589241e-05,0.35755379498004913,0.8464819742366672,0.029202571138739586,0.17032885551452637,-0.3333333333333333
107,преподобный_ADJ,4.563737295999211e-05,0.23728936910629272,0.7767584696412086,0.03124738112092018,0.006822407245635986,-0.3333333333333333
108,посторонний_ADJ,4.086810574165945e-05,0.2347685694694519,0.9658591649495065,0.006495974026620388,0.08489757776260376,-0.3333333333333333
109,римский_ADJ,4.130273771172087e-05,0.306360125541687,0.7703345213085413,0.02606099843978882,0.16996490955352783,0.3333333333333333
110,статистический_ADJ,2.7382101383772183e-05,0.25346216559410095,0.9225487608182448,0.007632807828485966,0.31276899576187134,-0.3333333333333333
111,растительный_ADJ,2.715446871147348e-05,0.2080935686826706,0.7408322542905807,0.012643720954656601,0.1653144359588623,-0.3333333333333333
112,защитный_ADJ,2.8825323026601144e-05,0.2280157059431076,0.7945197802037001,0.015698429197072983,0.17912918329238892,-0.3333333333333333
113,вертикальный_ADJ,2.8836730424198162e-05,0.21214838325977325,0.9086515090893954,0.01243880670517683,0.20433801412582397,-0.3333333333333333
114,чрезвычайный_ADJ,2.7701537024405865e-05,0.2618181109428406,0.9572468551341444,0.02428145706653595,0.2228093147277832,-0.3333333333333333
115,ключевой_ADJ,2.806175347216755e-05,0.32077521085739136,0.8509828234091401,0.03392596170306206,0.21928474307060242,0.3333333333333333
116,коммерческий_ADJ,4.860657938626362e-05,0.32535040378570557,0.9418252685427433,0.047155190259218216,0.258711040019989,-0.3333333333333333
117,ведущий_ADJ,4.836839421988043e-05,0.22542838752269745,0.9595985673367977,0.020282110199332237,0.16092675924301147,0.3333333333333333
118,обыкновенный_ADJ,7.684254409825031e-05,0.2587500363588333,0.8159351758658886,0.01972520351409912,0.12965154647827148,0.3333333333333333
119,пожилой_ADJ,7.628251902666923e-05,0.1919165849685669,0.8102217558771372,0.020049668848514557,0.14720392227172852,0.3333333333333333
120,французский_ADJ,0.00016475176217503504,0.23458106815814972,0.8773054429329932,0.013513273559510708,0.08085715770721436,-0.3333333333333333
121,очередной_ADJ,0.00016877669892414478,0.19252684712409973,0.9620101451873779,0.013660723343491554,0.10623282194137573,-0.3333333333333333
122,книжный_ADJ,4.402955094495103e-05,0.2988668978214264,0.8697974809911102,0.020634926855564117,0.2251744270324707,0.3333333333333333
123,десятый_ADJ,4.4009961504811816e-05,0.1980448216199875,0.9758656164631248,0.019641755148768425,0.17625051736831665,-0.3333333333333333
124,немецкий_ADJ,0.00019952516769432656,0.24346767365932465,0.8956986797275022,0.01560995914041996,0.032465457916259766,-0.3333333333333333
125,исторический_ADJ,0.00019904076626340263,0.2619566023349762,0.9748760118382052,0.014106051996350288,0.060916900634765625,0.3333333333333333
126,одинаковый_ADJ,8.205846344206942e-05,0.2022692859172821,0.9598388285376132,0.014033840037882328,0.07961022853851318,0.3333333333333333
127,обязанный_ADJ,8.12052554912477e-05,0.24086254835128784,0.9332346776500344,0.015548216179013252,0.07363152503967285,-0.3333333333333333
128,стеклянный_ADJ,6.233362531784182e-05,0.2118324339389801,0.7618683539330959,0.01408839225769043,0.09237724542617798,-0.3333333333333333
129,какой-то_ADJ,0.0012823679131111622,0.16046492755413055,0.9272826602682471,0.01147518027573824,0.05371749401092529,0.3333333333333333
130,нужный_ADJ,0.0011430987958362213,0.17644989490509033,0.8568935636430979,0.013336152769625187,0.1126641035079956,-0.3333333333333333
131,судебный_ADJ,7.858112054437712e-05,0.28139349818229675,0.9544081250205636,0.033618517220020294,0.33044227957725525,-0.3333333333333333
132,подлинный_ADJ,8.035022025143772e-05,0.2231164574623108,0.9768428904353641,0.01647430658340454,0.04403376579284668,0.3333333333333333
133,геологический_ADJ,3.253193902938566e-05,0.2954076826572418,0.9702027987223119,0.024418044835329056,0.1641371250152588,-0.3333333333333333
134,лунный_ADJ,3.2552875621520775e-05,0.22547121345996857,0.803333418443799,0.008382881060242653,0.18670916557312012,-0.3333333333333333
135,крестьянский_ADJ,3.8528069590030876e-05,0.26219238340854645,0.7933646766468883,0.01068147737532854,0.17137467861175537,0.3333333333333333
136,сельскохозяйственный_ADJ,3.8640666771654365e-05,0.2114468812942505,0.9079618398100138,0.007634058594703674,0.2583876848220825,-0.3333333333333333
137,нефтяной_ADJ,3.2208493511909806e-05,0.28512321412563324,0.805742141790688,0.026681141927838326,0.41959744691848755,-0.3333333333333333
138,минеральный_ADJ,3.155993848471037e-05,0.20010767877101898,0.750467399135232,0.011599181219935417,0.18479597568511963,-0.3333333333333333
139,телевизионный_ADJ,3.055920310608114e-05,0.27623961865901947,0.9164752778597176,0.040407732129096985,0.30380862951278687,-0.3333333333333333
140,дневной_ADJ,3.084809052952368e-05,0.2578207701444626,0.9414058512775227,0.02604498714208603,0.1067126989364624,-0.3333333333333333
141,немногие_ADJ,3.9884893573925065e-05,0.234536811709404,0.896231665275991,0.015718603506684303,0.1083034873008728,-0.3333333333333333
142,всемирный_ADJ,3.959553252967915e-05,0.23414063453674316,0.9399341833777726,0.026276739314198494,0.304482638835907,-0.3333333333333333
143,соответствующий_ADJ,0.00011544595807452799,0.18802933394908905,0.9553572470322251,0.01191002782434225,0.08008068799972534,-0.3333333333333333
144,круглый_ADJ,0.00012102187952441266,0.2718598395586014,0.8058770056813955,0.01431209221482277,0.12779873609542847,-0.3333333333333333
145,нижний_ADJ,0.00011499252543810383,0.24406959116458893,0.87046005402226,0.02075161784887314,0.14385664463043213,-0.3333333333333333
146,неожиданный_ADJ,0.00011148292935425192,0.17151853442192078,0.9762595610227436,0.01028824970126152,0.059680044651031494,-0.3333333333333333
147,личный_ADJ,0.00023944861115462353,0.2608731687068939,0.954839808284305,0.01953870803117752,0.10664147138595581,0.3333333333333333
148,местный_ADJ,0.00022731183080702545,0.28173232078552246,0.9320487963268533,0.01480771228671074,0.1604452133178711,-0.3333333333333333
149,случайный_ADJ,8.381980584922404e-05,0.2577509731054306,0.9531964296475053,0.01201594527810812,0.04897308349609375,-1.0
150,восточный_ADJ,8.353363363848161e-05,0.2866322845220566,0.8339225058152806,0.03162464126944542,0.13864779472351074,-0.3333333333333333
151,больший_ADJ,0.00020267761750205612,0.1698312759399414,0.9436271684244275,0.014823419973254204,0.07818043231964111,-0.3333333333333333
152,рабочий_ADJ,0.00020660095098102245,0.2477661818265915,0.9467547357780859,0.01861698180437088,0.18344718217849731,-0.3333333333333333
153,пермский_ADJ,1.8520683428644015e-05,0.33303317427635193,0.7236149180680513,0.05974363535642624,0.3677642345428467,-0.3333333333333333
154,90-й_ADJ,1.788222431592916e-05,0.19823040068149567,0.6549587799236178,0.04886484146118164,0.32292598485946655,1.0
155,конкретный_ADJ,0.00012617140909952702,0.2055232971906662,0.9365180437453091,0.016671501100063324,0.12913012504577637,-0.3333333333333333
156,редкий_ADJ,0.0001236070033335665,0.23627129197120667,0.9087690878659487,0.007705322466790676,0.10611945390701294,-0.3333333333333333
157,осенний_ADJ,4.545151606857424e-05,0.17203372716903687,0.7698306553065777,0.012028852477669716,0.1276286244392395,0.3333333333333333
158,сталинский_ADJ,4.6282887857839104e-05,0.287875697016716,0.949021763575729,0.03714754804968834,0.17808085680007935,-0.3333333333333333
159,распространенный_ADJ,2.741475414703656e-05,0.17104846239089966,0.9255936620756984,0.01606866903603077,0.15177541971206665,-0.3333333333333333
160,стандартный_ADJ,2.8281102048979004e-05,0.276636004447937,0.8863062125165015,0.013537376187741756,0.1692323088645935,0.3333333333333333
161,турецкий_ADJ,2.8529196888566778e-05,0.3100748360157013,0.6535826898179948,0.013011733070015907,0.09607148170471191,0.3333333333333333
162,научно-технический_ADJ,2.8304567973582827e-05,0.25669877231121063,0.9374822657555342,0.01836264505982399,0.17165827751159668,-0.3333333333333333
163,главный_ADJ,0.0006216656481205594,0.20231623947620392,0.9566824189387262,0.010958096943795681,0.08926719427108765,0.3333333333333333
164,молодой_ADJ,0.0007011054593542982,0.23400019109249115,0.9726954965735786,0.013486400246620178,0.04836529493331909,-0.3333333333333333
165,структурный_ADJ,2.83992191221942e-05,0.2287137806415558,0.9478289778344333,0.020148081704974174,0.2744360566139221,-0.3333333333333333
166,пушкинский_ADJ,3.431239197513351e-05,0.27789051830768585,0.9088395554572344,0.015678029507398605,0.1146973967552185,0.3333333333333333
167,коренной_ADJ,3.46516999667582e-05,0.2953691780567169,0.963121086359024,0.021878279745578766,0.27451997995376587,-0.3333333333333333
168,противоположный_ADJ,7.233078421924502e-05,0.18520140647888184,0.9492291393689811,0.01708158291876316,0.12302446365356445,-0.3333333333333333
169,уголовный_ADJ,7.275211453622539e-05,0.2810070663690567,0.9003897318616509,0.0403219498693943,0.2592002749443054,-0.3333333333333333
170,наибольший_ADJ,3.8730620952564165e-05,0.1680745780467987,0.9550566417165101,0.01103353314101696,0.13825422525405884,-0.3333333333333333
171,усталый_ADJ,3.888999937987934e-05,0.17899101972579956,0.7952365130186081,0.013096095994114876,0.07068037986755371,0.3333333333333333
172,очевидный_ADJ,9.388173255197416e-05,0.21446232497692108,0.9559910484531429,0.01717487908899784,0.11206591129302979,-0.3333333333333333
173,мужской_ADJ,9.461175657603626e-05,0.30015723407268524,0.8612936856225133,0.0329100638628006,0.16657191514968872,0.3333333333333333
174,прав_ADJ,9.511729629206455e-05,0.22745919227600098,0.9631076598598156,0.015193562023341656,0.06659209728240967,0.3333333333333333
175,социалистический_ADJ,9.584437364949473e-05,0.28148408234119415,0.9217696590349078,0.03311700373888016,0.21304911375045776,0.3333333333333333
176,бесплатный_ADJ,2.4425614000521244e-05,0.2368357926607132,0.9103617561049759,0.0202115997672081,0.27380865812301636,-0.3333333333333333
177,ракетный_ADJ,2.4017730712079207e-05,0.2342306673526764,0.836225756444037,0.016991563141345978,0.207713782787323,-0.3333333333333333
178,политический_ADJ,0.0002978119030772804,0.3046993911266327,0.9642099542543292,0.03065428137779236,0.13695597648620605,-0.3333333333333333
179,сильный_ADJ,0.00031011196583129944,0.2256862372159958,0.9559870950761251,0.010836143046617508,0.04510766267776489,0.3333333333333333
180,семейный_ADJ,9.508189622391483e-05,0.2908961772918701,0.9685514905140735,0.02793542668223381,0.20891958475112915,-0.3333333333333333
181,сибирский_ADJ,4.061062341133859e-05,0.28336453437805176,0.7739899731241167,0.01726129651069641,0.2192555069923401,-0.3333333333333333
182,полевой_ADJ,4.073090141105725e-05,0.32239022850990295,0.8466339595615864,0.021790791302919388,0.10967838764190674,-0.3333333333333333
183,таинственный_ADJ,6.235101327605082e-05,0.23973406851291656,0.9197602951899171,0.008867435157299042,0.05582696199417114,-0.3333333333333333
184,абсолютный_ADJ,6.245309653394549e-05,0.23510801792144775,0.9720258610323071,0.010715166106820107,0.1257532238960266,-0.3333333333333333
185,октябрьский_ADJ,3.272825329915099e-05,0.2736371159553528,0.8377647479064763,0.024933112785220146,0.22631675004959106,0.3333333333333333
186,армейский_ADJ,3.278396981908589e-05,0.2411954700946808,0.806843554135412,0.02053878828883171,0.14899563789367676,-0.3333333333333333
187,высокий_ADJ,0.0006464174655786881,0.20784062147140503,0.9204598604701459,0.014172781258821487,0.05074334144592285,-0.3333333333333333
188,известный_ADJ,0.0006765866629068673,0.1738329976797104,0.9709239802323282,0.00824292004108429,0.03619891405105591,0.3333333333333333
189,снежный_ADJ,5.29808563595704e-05,0.28035786747932434,0.7019726932048798,0.011302351951599121,0.04538404941558838,-0.3333333333333333
190,транспортный_ADJ,5.1888361258904236e-05,0.27655865252017975,0.9366296622902155,0.0312435794621706,0.25604692101478577,-0.3333333333333333
191,электрический_ADJ,0.00010355321220634358,0.25357529520988464,0.839548768941313,0.013078523799777031,0.17464160919189453,-0.3333333333333333
192,пятый_ADJ,0.00010451032735657643,0.22535072267055511,0.9665397501084954,0.014259090647101402,0.1373293399810791,-0.3333333333333333
193,первичный_ADJ,3.680036591286608e-05,0.24787108600139618,0.9451273623853922,0.016583450138568878,0.2772270441055298,-0.3333333333333333
194,синтетический_ADJ,3.6748901188806286e-05,0.22538502514362335,0.7641788171604276,0.03142821788787842,0.17864573001861572,-0.3333333333333333
195,намерен_ADJ,3.6216678448754364e-05,0.2595405876636505,0.9711708989925683,0.011395910754799843,0.12246119976043701,-0.3333333333333333
196,немыслимый_ADJ,3.602269115250659e-05,0.2965405434370041,0.932976609095931,0.030214563012123108,0.14427757263183594,-0.3333333333333333
197,черный_ADJ,0.0005998264311600561,0.2744250148534775,0.7373789809644222,0.016485752537846565,0.11378920078277588,-0.3333333333333333
198,маленький_ADJ,0.000563196406644715,0.218234583735466,0.8755943514406681,0.006129290442913771,0.07162845134735107,0.3333333333333333
199,соседний_ADJ,0.00011102760298125402,0.22657233476638794,0.9306001060176641,0.00940402690321207,0.07905656099319458,-0.3333333333333333
200,частный_ADJ,0.0001123855694430903,0.2576691806316376,0.9407549132592976,0.02366483211517334,0.1785845160484314,0.3333333333333333
201,индивидуальный_ADJ,6.752564440468807e-05,0.2802454084157944,0.9592818855890073,0.01638033427298069,0.2070552110671997,-0.3333333333333333
202,половой_ADJ,4.32616430149417e-05,0.3294413983821869,0.8668604432605207,0.04820774495601654,0.2260240912437439,-0.3333333333333333
203,мудрый_ADJ,4.3131241611502965e-05,0.251839742064476,0.9338299464434385,0.01592324860394001,0.09867662191390991,0.3333333333333333
204,левый_ADJ,0.0001793137381318983,0.2446122169494629,0.8335418007336557,0.01939459703862667,0.12099748849868774,-0.3333333333333333
205,национальный_ADJ,0.00018043063948974765,0.2870785892009735,0.9375199732603505,0.025775110349059105,0.1986922025680542,-0.3333333333333333
206,голубой_ADJ,0.00013133318648715338,0.296135276556015,0.6904432848095894,0.018610088154673576,0.09397411346435547,-0.3333333333333333
207,северный_ADJ,0.0001336109313084047,0.28184884786605835,0.8992372141219676,0.021410943940281868,0.14560461044311523,-0.3333333333333333
208,электронный_ADJ,6.810332865421935e-05,0.2902791351079941,0.9122231882065535,0.02496173232793808,0.2748594582080841,-0.3333333333333333
209,невидимый_ADJ,6.867981469136836e-05,0.2586989849805832,0.8725820984691381,0.011793463490903378,0.07159829139709473,-0.3333333333333333
210,математический_ADJ,5.002791594292382e-05,0.2236495018005371,0.9476777241798118,0.017492996528744698,0.19179952144622803,-0.3333333333333333
211,максимальный_ADJ,4.9428656342152064e-05,0.1813427060842514,0.9564911243505776,0.011700826697051525,0.148362934589386,-0.3333333333333333
212,благодарный_ADJ,4.10843871348422e-05,0.2204582840204239,0.9656604342744686,0.014753839001059532,0.05368232727050781,-0.3333333333333333
213,внезапный_ADJ,4.158100543409603e-05,0.20583410561084747,0.9198152674362063,0.018311331048607826,0.11491823196411133,-0.3333333333333333
214,автоматический_ADJ,3.1458143415442e-05,0.2301463782787323,0.8748718504793942,0.012370913289487362,0.15987205505371094,-0.3333333333333333
215,встречный_ADJ,3.1909257713067563e-05,0.2720194011926651,0.9184918208047748,0.016351545229554176,0.12286454439163208,-0.3333333333333333
216,взаимный_ADJ,4.7113063041794476e-05,0.19546909630298615,0.9485671798465773,0.02121942862868309,0.1515733003616333,-0.3333333333333333
217,механический_ADJ,4.827321649044768e-05,0.2588328421115875,0.8973998664878309,0.00999725516885519,0.07902657985687256,-0.3333333333333333
218,правовой_ADJ,5.383367754760656e-05,0.28501205146312714,0.9279158902354538,0.044019557535648346,0.25168904662132263,-0.3333333333333333
219,польский_ADJ,5.425886498797212e-05,0.26841166615486145,0.8446788479341194,0.021400978788733482,0.06900763511657715,-0.3333333333333333
220,традиционный_ADJ,8.268139200052632e-05,0.22961382567882538,0.941997044137679,0.018606392666697502,0.18401730060577393,-0.3333333333333333
221,трудовой_ADJ,8.158252897727723e-05,0.2852630615234375,0.9624542952515185,0.0242355614900589,0.2610486149787903,-0.3333333333333333
222,силовой_ADJ,2.6487232496713206e-05,0.2944789528846741,0.8583088829182088,0.0424794964492321,0.3963426351547241,-0.3333333333333333
223,избирательный_ADJ,2.6504195638981905e-05,0.3853307068347931,0.8913839308079332,0.042495060712099075,0.2791315019130707,0.3333333333333333
224,голый_ADJ,0.00010615815449617949,0.24366624653339386,0.7513593696057796,0.013079109601676464,0.08231151103973389,0.3333333333333333
225,таков_ADJ,0.00010466948442665436,0.3021184206008911,0.9715204094536602,0.018331516534090042,0.13091707229614258,0.3333333333333333
226,производственный_ADJ,6.13836581002464e-05,0.24651387333869934,0.9544744952581823,0.015700509771704674,0.2534121870994568,-0.3333333333333333
227,еврейский_ADJ,6.11385967583264e-05,0.2949894964694977,0.9085372572299093,0.020413069054484367,0.1280001997947693,0.3333333333333333
228,автомобильный_ADJ,3.904252289643535e-05,0.2868155986070633,0.8394642267376184,0.01864613965153694,0.21751457452774048,-0.3333333333333333
229,шумный_ADJ,3.936318420733817e-05,0.2052292823791504,0.8723835637792945,0.017285993322730064,0.12354189157485962,-0.3333333333333333
230,грандиозный_ADJ,3.4904698343251055e-05,0.20310063660144806,0.9691120196948759,0.020932594314217567,0.1637263298034668,-0.3333333333333333
231,газетный_ADJ,3.514144800811653e-05,0.23118866980075836,0.7867057975381613,0.022227048873901367,0.1558893322944641,-0.3333333333333333
232,жилищный_ADJ,2.1967440237226483e-05,0.25109925866127014,0.9248374653980136,0.016948288306593895,0.3251602351665497,-0.3333333333333333
233,фактический_ADJ,2.2157372952709393e-05,0.2351549118757248,0.9622401399537921,0.020418712869286537,0.2678384780883789,-0.3333333333333333
234,контрольный_ADJ,2.904336747017974e-05,0.30312176048755646,0.9640987549209967,0.01397975068539381,0.2058624029159546,-0.3333333333333333
235,потенциальный_ADJ,2.9517315556188475e-05,0.2773543447256088,0.937268222682178,0.026230616495013237,0.2815406024456024,-0.3333333333333333
236,законодательный_ADJ,2.5522043406505506e-05,0.3261430859565735,0.8861361593008041,0.05301203206181526,0.33934229612350464,0.3333333333333333
237,организационный_ADJ,2.548264540471871e-05,0.19546307623386383,0.952491142321378,0.014463474974036217,0.27732932567596436,-0.3333333333333333
238,заводской_ADJ,3.081277918718201e-05,0.27233436703681946,0.8912771372124553,0.017366653308272362,0.21202385425567627,-0.3333333333333333
239,эстетический_ADJ,3.0356716207185693e-05,0.2019926756620407,0.9686865558614954,0.022948723286390305,0.1778167486190796,-0.3333333333333333
240,научный_ADJ,0.00028220322167660814,0.26625587046146393,0.9733177777379751,0.010902022011578083,0.07923555374145508,0.3333333333333333
241,близкий_ADJ,0.00028649632241615927,0.23842428624629974,0.9354835082776845,0.016705885529518127,0.045673668384552,-1.0
242,самарский_ADJ,1.534730627453316e-05,0.4087277501821518,0.6522032245993614,0.034901127219200134,0.4328794479370117,0.3333333333333333
243,базовый_ADJ,1.888604505602693e-05,0.41932186484336853,0.8023435417562723,0.03461964800953865,0.4337422251701355,0.3333333333333333
244,киевский_ADJ,3.6117669131044416e-05,0.333942174911499,0.8554026433266699,0.029693294316530228,0.1118936538696289,-0.3333333333333333
245,непрерывный_ADJ,3.59658240660173e-05,0.22163057327270508,0.9472624016925693,0.007049679756164551,0.06181210279464722,-0.3333333333333333
246,программный_ADJ,1.908558700225222e-05,0.33513423800468445,0.8741953703574836,0.0423034243285656,0.36252015829086304,-0.3333333333333333
247,японский_ADJ,7.64950242468385e-05,0.33242399990558624,0.8701693973271176,0.010874905623495579,0.06622821092605591,-0.3333333333333333
248,летний_ADJ,7.795722011821799e-05,0.21569183468818665,0.9097576183849014,0.01678813248872757,0.09366816282272339,0.3333333333333333
249,весенний_ADJ,4.385438480261186e-05,0.1892484426498413,0.7978851580992341,0.013819847255945206,0.14815813302993774,-0.3333333333333333
250,влажный_ADJ,4.378002191255896e-05,0.16602040827274323,0.6890019252896309,0.010117702186107635,0.114593505859375,0.3333333333333333
251,конституционный_ADJ,2.0400782676929386e-05,0.36003901064395905,0.8248819168657064,0.04127137362957001,0.3151731491088867,0.3333333333333333
252,функциональный_ADJ,1.955604550884746e-05,0.22057940065860748,0.9227566996123642,0.017908677458763123,0.22933316230773926,-0.3333333333333333
253,повседневный_ADJ,2.633818782249712e-05,0.18610946834087372,0.9526708408375271,0.013487766496837139,0.12275540828704834,-0.3333333333333333
254,молочный_ADJ,2.637918474204149e-05,0.2614686042070389,0.6485717445611954,0.019386466592550278,0.22712308168411255,0.3333333333333333
255,энергетический_ADJ,3.4970278627952395e-05,0.2750135213136673,0.9420480732806027,0.015245587565004826,0.259427547454834,-0.3333333333333333
256,звездный_ADJ,3.472305711987665e-05,0.2526339739561081,0.8922388032078743,0.01150448713451624,0.22175580263137817,-0.3333333333333333
257,начальный_ADJ,3.71292042940069e-05,0.26047810912132263,0.9623598642647266,0.013023385778069496,0.20823419094085693,-0.3333333333333333
258,здешний_ADJ,3.712466432193043e-05,0.29237601161003113,0.9007508270442486,0.013480949215590954,0.10320597887039185,0.3333333333333333
259,экспериментальный_ADJ,4.340190965481696e-05,0.2395561784505844,0.9583240785868838,0.010684494860470295,0.18253058195114136,-0.3333333333333333
260,комсомольский_ADJ,4.3874735410760555e-05,0.3114166557788849,0.8689501117914915,0.02843468450009823,0.1727224588394165,-0.3333333333333333
261,невысокий_ADJ,3.536075579637565e-05,0.18092508614063263,0.7955607725307345,0.007528195157647133,0.1274799108505249,-0.3333333333333333
262,слышный_ADJ,3.5246228611757306e-05,0.15100638568401337,0.7397722750902176,0.009171959012746811,0.10233551263809204,-0.3333333333333333
263,педагогический_ADJ,3.966449477969526e-05,0.23516082763671875,0.950429305434227,0.009679951705038548,0.15862995386123657,-0.3333333333333333
264,гордый_ADJ,3.96244140035784e-05,0.2701941430568695,0.8532378934323788,0.025709275156259537,0.09056198596954346,0.3333333333333333
265,девятый_ADJ,4.2386710217847244e-05,0.1861194223165512,0.9203014555387199,0.013041148893535137,0.14176374673843384,-0.3333333333333333
266,вкусный_ADJ,4.250638056431683e-05,0.14189542829990387,0.7383158840239048,0.01145839225500822,0.09123635292053223,0.3333333333333333
267,младший_ADJ,0.00010463858862606256,0.24076278507709503,0.8760970670264214,0.016564879566431046,0.13623535633087158,0.3333333333333333
268,домашний_ADJ,0.00010848030359845796,0.3078497052192688,0.8944435082376003,0.025173623114824295,0.17573964595794678,0.3333333333333333
269,бурный_ADJ,4.670222858124809e-05,0.19712689518928528,0.9453280682209879,0.024128936231136322,0.15280723571777344,-0.3333333333333333
270,демократический_ADJ,4.6559643333767056e-05,0.2323191910982132,0.9409876209683716,0.029787275940179825,0.2932055592536926,-0.3333333333333333
271,любовный_ADJ,3.224269702465332e-05,0.26321348547935486,0.9039995837956667,0.03777642920613289,0.14760631322860718,-0.3333333333333333
272,крошечный_ADJ,3.2410932708808e-05,0.20781031250953674,0.7887562550604343,0.004928360227495432,0.0995599627494812,0.3333333333333333
273,рад_ADJ,8.416257392215646e-05,0.23441116511821747,0.9635629977565259,0.012361853383481503,0.08491480350494385,-0.3333333333333333
274,бесконечный_ADJ,8.377866334469323e-05,0.23660330474376678,0.9489717083051801,0.010107890702784061,0.07890492677688599,0.3333333333333333
275,бюджетный_ADJ,2.5134708149146947e-05,0.354403018951416,0.7194746993482113,0.050335828214883804,0.49565011262893677,1.0
276,годовой_ADJ,2.4873914906845505e-05,0.207049161195755,0.911439505405724,0.01986744999885559,0.2617418169975281,-0.3333333333333333
277,телефонный_ADJ,7.608743742699106e-05,0.2868140935897827,0.8515501631991356,0.02649114280939102,0.200969398021698,-0.3333333333333333
278,меньший_ADJ,7.571413831602176e-05,0.22000692784786224,0.962117800489068,0.012285985983908176,0.11736023426055908,-0.3333333333333333
279,обратный_ADJ,8.807818199532542e-05,0.2136099636554718,0.9577215989120305,0.012803373858332634,0.11120390892028809,-0.3333333333333333
280,каков_ADJ,8.456384541478458e-05,0.23798808455467224,0.9649344473145902,0.013096261769533157,0.09281110763549805,-0.3333333333333333
281,районный_ADJ,3.975853314561164e-05,0.21089214086532593,0.9043185785412788,0.014090806245803833,0.20023226737976074,-0.3333333333333333
282,текущий_ADJ,3.9441554382352915e-05,0.2297254353761673,0.9608138480689377,0.013313104398548603,0.14649814367294312,-0.3333333333333333
283,пыльный_ADJ,3.141578708019143e-05,0.19293443858623505,0.6962029710412025,0.013923696242272854,0.14562463760375977,0.3333333333333333
284,испанский_ADJ,3.139884230656045e-05,0.2558083236217499,0.7692114170640707,0.009506702423095703,0.07152116298675537,-0.3333333333333333
285,неподвижный_ADJ,3.89939381374052e-05,0.19147704541683197,0.8614769410341978,0.006795972120016813,0.07066512107849121,-0.3333333333333333
286,экологический_ADJ,3.902770574198959e-05,0.33773694187402725,0.9069387717172503,0.07554609328508377,0.19296804070472717,1.0
287,древний_ADJ,0.00019183721889796872,0.20432618260383606,0.8970006559975445,0.01273720245808363,0.02187037467956543,-0.3333333333333333
288,долгий_ADJ,0.00018355198907459122,0.17576585710048676,0.9783511513378471,0.009860904887318611,0.03792780637741089,-0.3333333333333333
289,тепловой_ADJ,2.7455127212742274e-05,0.22417257726192474,0.9068018598482013,0.011627938598394394,0.1283780336380005,-0.3333333333333333
290,иностранный_ADJ,0.00012334413965530563,0.26717792451381683,0.9197245519608259,0.028668362647294998,0.21950572729110718,0.3333333333333333
291,мощный_ADJ,0.00012629762068653717,0.18402528762817383,0.905946560553275,0.011169133707880974,0.10208946466445923,-0.3333333333333333
292,предыдущий_ADJ,6.442366057116908e-05,0.2446611076593399,0.9341247444972396,0.023216480389237404,0.18342351913452148,-0.3333333333333333
293,зарубежный_ADJ,6.458317604198011e-05,0.22840642929077148,0.9678838276304305,0.033091504126787186,0.2716454863548279,-0.3333333333333333
294,авиационный_ADJ,3.8377374721836374e-05,0.23933866620063782,0.8946278588846326,0.010900852270424366,0.1739826202392578,-0.3333333333333333
295,петербургский_ADJ,3.731983728442874e-05,0.28350216150283813,0.8315590177662671,0.016461800783872604,0.14004915952682495,0.3333333333333333
296,минимальный_ADJ,4.233747291737076e-05,0.2209240347146988,0.9494612859562039,0.024521876126527786,0.25712889432907104,-0.3333333333333333
297,сырой_ADJ,4.234954646324177e-05,0.21088483929634094,0.7122906260192394,0.009995812550187111,0.09645646810531616,0.3333333333333333
298,недавний_ADJ,5.6801080920182725e-05,0.23434928059577942,0.9632652450818568,0.020949313417077065,0.17180228233337402,-0.3333333333333333
299,биологический_ADJ,5.751297339730026e-05,0.2546827793121338,0.9327525640255772,0.019132426008582115,0.17941957712173462,-0.3333333333333333
300,последний_ADJ,0.0010438665757439825,0.1854928582906723,0.9119398421607912,0.007895969785749912,0.05856168270111084,-0.3333333333333333
301,каждый_ADJ,0.001446642761999812,0.13647472858428955,0.8506520967930555,0.009632418863475323,0.05376887321472168,-0.3333333333333333
302,художественный_ADJ,0.00015366655551833636,0.2610663026571274,0.9699498579707324,0.017101923003792763,0.09042912721633911,-0.3333333333333333
303,западный_ADJ,0.00015184897588954135,0.2904241234064102,0.9566892683506012,0.014116991311311722,0.12229716777801514,-0.3333333333333333
304,нормативный_ADJ,2.1277652743202358e-05,0.3786955028772354,0.8187734000384808,0.08851947635412216,0.38457995653152466,0.3333333333333333
305,пенсионный_ADJ,2.1519963545619827e-05,0.4209068566560745,0.7196280090138316,0.031233908608555794,0.3548619747161865,1.0
306,одинокий_ADJ,8.344350141193267e-05,0.2703621983528137,0.914243096485734,0.012286074459552765,0.054818153381347656,0.3333333333333333
307,промышленный_ADJ,8.265350767063705e-05,0.26471832394599915,0.9499557935632765,0.025073667988181114,0.25050944089889526,-0.3333333333333333
308,гладкий_ADJ,3.860948599904349e-05,0.22315040230751038,0.7537581697106361,0.008234291337430477,0.07937872409820557,-0.3333333333333333
309,всеобщий_ADJ,6.836673464273605e-05,0.2721033841371536,0.9457834314089268,0.018252387642860413,0.15349316596984863,-0.3333333333333333
310,цветной_ADJ,6.939121599139849e-05,0.2689254730939865,0.7808415647596121,0.018475335091352463,0.13709604740142822,-0.3333333333333333
311,необходимый_ADJ,0.0004464156737029922,0.18225844204425812,0.9196764319203794,0.008217190392315388,0.05214124917984009,-0.3333333333333333
312,российский_ADJ,0.0004406283439117256,0.3501351848244667,0.8953141374513507,0.07925783097743988,0.3079776167869568,0.3333333333333333
313,муниципальный_ADJ,2.5001352944600548e-05,0.4406150281429291,0.6508745504543185,0.061598435044288635,0.3131231963634491,0.3333333333333333
314,медицинский_ADJ,0.00010579899024837397,0.2739153057336807,0.9333716088440269,0.026039328426122665,0.11319631338119507,0.3333333333333333
315,торговый_ADJ,5.971882954050553e-05,0.299540638923645,0.9516597796464339,0.03003145568072796,0.2816721796989441,-0.3333333333333333
316,административный_ADJ,6.0353528298547984e-05,0.2819165140390396,0.9449677006341517,0.0287278164178133,0.2805715799331665,-0.3333333333333333
317,фундаментальный_ADJ,2.6082061718608104e-05,0.20024479925632477,0.94916932284832,0.01919829100370407,0.18275588750839233,-0.3333333333333333
318,академический_ADJ,2.618766233578808e-05,0.27325838804244995,0.9452315729577094,0.02444666251540184,0.22047394514083862,0.3333333333333333
319,определенный_ADJ,0.00017065915903394856,0.16623473167419434,0.9430389357730746,0.012145888060331345,0.08290344476699829,-0.3333333333333333
320,неизвестный_ADJ,0.0001791929659343319,0.2187507301568985,0.967903557466343,0.013022303581237793,0.02525264024734497,-0.3333333333333333
321,психологический_ADJ,7.746337981273721e-05,0.2383739948272705,0.9698607570608146,0.017267534509301186,0.2105180025100708,0.3333333333333333
322,мучительный_ADJ,4.054131745971906e-05,0.1805044263601303,0.9779976576392073,0.013562812469899654,0.07989311218261719,-0.3333333333333333
323,тревожный_ADJ,4.060648138757551e-05,0.18508915603160858,0.9281419981271029,0.008795526809990406,0.09720289707183838,-0.3333333333333333
324,дорожный_ADJ,3.380451622734564e-05,0.3311009854078293,0.8033896517008543,0.01967214047908783,0.25525328516960144,-0.3333333333333333
325,условный_ADJ,3.368717196556485e-05,0.3009098619222641,0.9375683704856783,0.025165768340229988,0.18116962909698486,-0.3333333333333333
326,географический_ADJ,2.6771093148908578e-05,0.2432246059179306,0.9556196704506874,0.020614055916666985,0.1849815845489502,-0.3333333333333333
327,банковский_ADJ,2.705384103611832e-05,0.34113484621047974,0.7386985458433628,0.0704653412103653,0.4537191689014435,0.3333333333333333
328,развитый_ADJ,2.536914075303421e-05,0.17087920010089874,0.9341468021739274,0.013814479112625122,0.20309311151504517,-0.3333333333333333
329,пищевой_ADJ,2.5428445568463874e-05,0.2508140653371811,0.7947313152253628,0.010565009899437428,0.2590082287788391,-0.3333333333333333
330,коммунистический_ADJ,7.106654947096546e-05,0.29084812104701996,0.9153420419897884,0.03110276535153389,0.20384639501571655,0.3333333333333333
331,революционный_ADJ,7.215228424310155e-05,0.22940973937511444,0.9367917799390852,0.026302184909582138,0.1911919116973877,0.3333333333333333
332,газовый_ADJ,4.219820876514347e-05,0.27694664895534515,0.8027362916618586,0.02291087433695793,0.3085756301879883,-0.3333333333333333
333,крохотный_ADJ,4.197572500608665e-05,0.21683117747306824,0.8293460384011269,0.010946234688162804,0.0808073878288269,-0.3333333333333333
334,технологический_ADJ,5.300429178684981e-05,0.23101502656936646,0.919867378892377,0.021100271493196487,0.3016742467880249,-0.3333333333333333
335,утренний_ADJ,5.317382129695364e-05,0.20215262472629547,0.8424149993807077,0.012853078544139862,0.06442052125930786,-0.3333333333333333
336,небольшой_ADJ,0.0003210540552359193,0.17974412441253662,0.9424466459313408,0.006758371368050575,0.046184003353118896,-0.3333333333333333
337,похожий_ADJ,0.0003555541056015616,0.1872260719537735,0.8100363276898861,0.0087393494322896,0.036958396434783936,0.3333333333333333
338,территориальный_ADJ,2.282048107082137e-05,0.3023865073919296,0.9389288453385234,0.01896221935749054,0.26274117827415466,-0.3333333333333333
339,автономный_ADJ,2.225271904942141e-05,0.26817668974399567,0.9021298275329173,0.03414106369018555,0.3325304687023163,-0.3333333333333333
340,мокрый_ADJ,9.950487936594974e-05,0.18784694373607635,0.7151168882846832,0.012902164831757545,0.10086029767990112,0.3333333333333333
341,подводный_ADJ,0.0001011431351445388,0.29736585915088654,0.9346587299369276,0.020165562629699707,0.1446797251701355,-0.3333333333333333
342,должен_ADJ,0.0014832206128180402,0.17750491201877594,0.8778566531836987,0.010658124461770058,0.10170316696166992,-0.3333333333333333
343,новый_ADJ,0.0018122685134316103,0.13439300656318665,0.9172628913074732,0.00947518926113844,0.05883681774139404,-0.3333333333333333
344,седой_ADJ,5.973825404231304e-05,0.19245967268943787,0.6186031848192215,0.007084029261022806,0.08521413803100586,-0.3333333333333333
345,длительный_ADJ,5.9848353096023666e-05,0.18138496577739716,0.9606575658544898,0.010523650795221329,0.1421005129814148,0.3333333333333333
346,прошлый_ADJ,0.00019657977721552745,0.19221723079681396,0.9537313794717193,0.008686095476150513,0.10129165649414062,-0.3333333333333333
347,железнодорожный_ADJ,5.526274596729738e-05,0.2774554044008255,0.9045288343913853,0.025508200749754906,0.2030906081199646,-0.3333333333333333
348,давний_ADJ,5.4454107410145994e-05,0.20708920061588287,0.9675335169886239,0.018124159425497055,0.09046292304992676,-0.3333333333333333
349,комплексный_ADJ,2.926668385080725e-05,0.22295641899108887,0.9115857069846243,0.027951542288064957,0.24238097667694092,-0.3333333333333333
350,актерский_ADJ,2.962714376506286e-05,0.22054827213287354,0.9700646452838555,0.01158389076590538,0.11799687147140503,-0.3333333333333333
351,первоначальный_ADJ,3.483712640470891e-05,0.250203937292099,0.9598889598855749,0.019764456897974014,0.18517112731933594,0.3333333333333333
352,жилой_ADJ,4.176929060770712e-05,0.20454394817352295,0.9344390357728116,0.016972575336694717,0.19350677728652954,-0.3333333333333333
353,типичный_ADJ,4.207067029098133e-05,0.23635251820087433,0.9414912005886436,0.019294433295726776,0.12502962350845337,-0.3333333333333333
354,официальный_ADJ,0.00010358869050603749,0.2606787383556366,0.9607304381206632,0.015326162800192833,0.1619328260421753,-0.3333333333333333
355,массовый_ADJ,0.0001034531533942035,0.27609285712242126,0.9697281681001186,0.023575974628329277,0.24587482213974,-0.3333333333333333
356,литературный_ADJ,0.0001601014363813977,0.2744744122028351,0.97969280986581,0.015924399718642235,0.05853891372680664,-0.3333333333333333
357,прочий_ADJ,0.00015775919915372324,0.33269694447517395,0.8438679846003652,0.012902764603495598,0.018244266510009766,0.3333333333333333
358,отдельный_ADJ,0.0002443301989431722,0.19975200295448303,0.9430686818668619,0.014713657088577747,0.09803628921508789,-0.3333333333333333
359,бывший_ADJ,0.000260006800427221,0.27992694079875946,0.9146912867581705,0.02094355784356594,0.13801342248916626,-0.3333333333333333
360,страховой_ADJ,2.4227667400654453e-05,0.3552926331758499,0.8213260378688574,0.07528384029865265,0.4667719006538391,0.3333333333333333
361,таможенный_ADJ,1.9525340263333453e-05,0.3506143093109131,0.7250217078253627,0.01029833685606718,0.2217896282672882,-0.3333333333333333
362,аналитический_ADJ,1.9944185927036253e-05,0.24794809520244598,0.9064893254544586,0.043978769332170486,0.32702964544296265,-0.3333333333333333
363,ученый_ADJ,4.0203524547873814e-05,0.2798134684562683,0.9461350555066019,0.01319258101284504,0.14238613843917847,-0.3333333333333333
364,идеологический_ADJ,4.0135766326076266e-05,0.23465174436569214,0.9536746474914253,0.026479359716176987,0.18383198976516724,-0.3333333333333333
365,парижский_ADJ,3.3975313985544466e-05,0.2604527175426483,0.8466449407860637,0.027467062696814537,0.17338591814041138,-0.3333333333333333
366,всевозможный_ADJ,3.4241136868868865e-05,0.22747783362865448,0.8507958683185279,0.020963717252016068,0.13225585222244263,-0.3333333333333333
367,синий_ADJ,0.00016472238007581323,0.2655589431524277,0.6913207694888115,0.00524470629170537,0.04132944345474243,-0.3333333333333333
368,духовный_ADJ,0.00016942515129090289,0.2209063470363617,0.9709788207037491,0.013481339439749718,0.1461089849472046,-0.3333333333333333
369,русский_ADJ,0.000782997561659623,0.2359502911567688,0.9671402024105191,0.00863285455852747,0.04649674892425537,-0.3333333333333333
370,один_ADJ,0.0009541682484809291,0.2083636224269867,0.8156050406396389,0.013509989716112614,0.06987130641937256,-1.0
371,коллективный_ADJ,3.7846626305618536e-05,0.2818041294813156,0.9617890793597326,0.02913859114050865,0.2259184718132019,-0.3333333333333333
372,рядовой_ADJ,3.848567457205101e-05,0.2998374253511429,0.9513394171372056,0.013586794026196003,0.1801367998123169,0.3333333333333333
373,германский_ADJ,4.415283086180316e-05,0.2708253711462021,0.9213698593666777,0.026937318965792656,0.1602136492729187,-0.3333333333333333
374,предварительный_ADJ,4.472011705450714e-05,0.25139106810092926,0.9642027062363923,0.024018483236432076,0.238544762134552,0.3333333333333333
375,материальный_ADJ,9.036754194007577e-05,0.23200386762619019,0.954227804671973,0.01676476188004017,0.14405453205108643,-0.3333333333333333
376,старинный_ADJ,8.8779287373743e-05,0.1893904060125351,0.7609714828431606,0.015067020431160927,0.05692869424819946,-0.3333333333333333
377,рыночный_ADJ,2.9960041713873286e-05,0.37182895839214325,0.738700951449573,0.04308823496103287,0.4012715816497803,1.0
378,ручной_ADJ,3.0150331026173697e-05,0.2612947076559067,0.7566764075309038,0.0028249865863472223,0.12283772230148315,-0.3333333333333333
379,элементарный_ADJ,4.2816122687676544e-05,0.2642776817083359,0.9585530086187646,0.020689692348241806,0.1582852005958557,-0.3333333333333333
380,головной_ADJ,4.280013154350147e-05,0.4074302315711975,0.8123746030032635,0.021745162084698677,0.22030508518218994,1.0
381,единый_ADJ,0.00017612983625412706,0.2818039655685425,0.9592546313069761,0.019661283120512962,0.21719461679458618,-0.3333333333333333
382,английский_ADJ,0.00017804910636929377,0.23906424641609192,0.8947850053664297,0.006135602481663227,0.07012999057769775,-0.3333333333333333
383,малый_ADJ,0.0002448420674776832,0.27149468660354614,0.9699733025627211,0.017028404399752617,0.13368791341781616,-0.3333333333333333
384,детский_ADJ,0.0002471124099937566,0.30994513630867004,0.8979838108643889,0.01699833571910858,0.018681764602661133,0.3333333333333333
385,воздушный_ADJ,9.275608328763115e-05,0.34610436856746674,0.8320406368002295,0.012688688933849335,0.13441187143325806,-0.3333333333333333
386,густой_ADJ,9.082571325414612e-05,0.19592265784740448,0.6682606935501099,0.015626661479473114,0.13942420482635498,-0.3333333333333333
387,светский_ADJ,2.967431410793198e-05,0.2506260871887207,0.9204197339713573,0.02127154916524887,0.1835584044456482,0.3333333333333333
388,седьмой_ADJ,6.285925586853472e-05,0.21489456295967102,0.9407277485588565,0.022224273532629013,0.13045549392700195,-0.3333333333333333
389,единственный_ADJ,0.0003093690892423224,0.23865944147109985,0.9224307942204177,0.015101877972483635,0.05706363916397095,-0.3333333333333333
390,остальной_ADJ,0.0003004360036998457,0.2872493267059326,0.8829053537920117,0.018804805353283882,0.09155195951461792,-0.3333333333333333
391,большой_ADJ,0.001465879859790192,0.1430627852678299,0.9376721232547425,0.01203588955104351,0.07162010669708252,0.3333333333333333
392,оперативный_ADJ,4.331067367667516e-05,0.24863901734352112,0.956285648047924,0.029193392023444176,0.18936502933502197,-0.3333333333333333
393,интеллектуальный_ADJ,4.318905284031529e-05,0.2957439571619034,0.9565812883083709,0.052324049174785614,0.2544816732406616,0.3333333333333333
394,многочисленный_ADJ,9.523480721111164e-05,0.2281443178653717,0.9435024494305253,0.013189584016799927,0.07339644432067871,-0.3333333333333333
395,дополнительный_ADJ,9.53978637250299e-05,0.19742804765701294,0.9529890090925619,0.014783111400902271,0.12001591920852661,0.3333333333333333
396,церковный_ADJ,7.229595674227956e-05,0.2530866414308548,0.9128698366694152,0.018601488322019577,0.09662634134292603,-0.3333333333333333
397,совместный_ADJ,7.11194116502803e-05,0.2488190233707428,0.9578099770005792,0.029051970690488815,0.2541065812110901,0.3333333333333333
398,кредитный_ADJ,2.0495206023510365e-05,0.3653017580509186,0.7175997535232455,0.04715896397829056,0.41422826051712036,1.0
399,технический_ADJ,0.00017233587115152288,0.29784563183784485,0.961603089934215,0.021032368764281273,0.13044852018356323,-0.3333333333333333
400,незнакомый_ADJ,8.448275612479408e-05,0.20642580091953278,0.9713705079630017,0.011020590551197529,0.0685378909111023,-0.3333333333333333
401,классический_ADJ,7.837614487659234e-05,0.24617959558963776,0.9336870326660573,0.018099313601851463,0.13410162925720215,-0.3333333333333333
402,генеральный_ADJ,8.085372698075445e-05,0.3359937518835068,0.9192404421046376,0.05365000292658806,0.284493625164032,-0.3333333333333333
403,вынужденный_ADJ,3.59735762202959e-05,0.2612520009279251,0.962675322778523,0.015847736969590187,0.07503849267959595,-0.3333333333333333
404,строительный_ADJ,5.830223795421297e-05,0.30538567900657654,0.9136287914589047,0.01724720187485218,0.2400771975517273,-0.3333333333333333
405,сплошной_ADJ,5.717630392117324e-05,0.26044762134552,0.8351614456623793,0.010022816248238087,0.10633105039596558,-0.3333333333333333
406,международный_ADJ,0.00018758970265848247,0.2698160856962204,0.9483880852349102,0.022636841982603073,0.1913171410560608,-0.3333333333333333
407,уверенный_ADJ,0.00018362418130822057,0.2499156892299652,0.9099164037033916,0.006940030492842197,0.05266833305358887,-0.3333333333333333
408,практический_ADJ,8.045170165227753e-05,0.2481662631034851,0.9671191519591957,0.01949225924909115,0.16828852891921997,-0.3333333333333333
409,архитектурный_ADJ,2.2855193160250023e-05,0.20200976729393005,0.913367471890524,0.020644603297114372,0.1778302788734436,-0.3333333333333333
410,должностной_ADJ,2.350516703814776e-05,0.19953380525112152,0.8379581533372402,0.01683373935520649,0.2949773073196411,0.3333333333333333
411,частый_ADJ,3.210968831495886e-05,0.22024713456630707,0.8826151930261403,0.014790008775889874,0.11921465396881104,-0.3333333333333333
412,таковой_ADJ,5.378383736734443e-05,0.2464572787284851,0.9376922282390296,0.021861443296074867,0.1295255422592163,-0.3333333333333333
413,сегодняшний_ADJ,0.00010404394107790547,0.23684459924697876,0.9209810886532068,0.020355338230729103,0.10905677080154419,-0.3333333333333333
414,культурный_ADJ,0.00010329652607385303,0.27646876871585846,0.9716049642302096,0.019826393574476242,0.14455127716064453,-0.3333333333333333
415,центральный_ADJ,0.00015467687540790604,0.31047363579273224,0.9484956045635045,0.032775379717350006,0.18178677558898926,-0.3333333333333333
416,городской_ADJ,0.00015440509941989428,0.3038531243801117,0.8833643514662981,0.019513268023729324,0.09140849113464355,-0.3333333333333333
417,способный_ADJ,0.0002263963591802154,0.18785983324050903,0.9661692581139505,0.004779025912284851,0.017602145671844482,-0.3333333333333333
418,письменный_ADJ,6.145775173463383e-05,0.26193098723888397,0.9351674859644845,0.03221385180950165,0.16986775398254395,-0.3333333333333333
419,жаркий_ADJ,6.09910110769865e-05,0.1940784603357315,0.7649833410978317,0.01391125749796629,0.08744817972183228,-0.3333333333333333
420,физический_ADJ,0.00014824830667541105,0.28238870203495026,0.9534517372085247,0.018441706895828247,0.16838008165359497,-0.3333333333333333
421,постоянный_ADJ,0.00014924484699862747,0.2546900808811188,0.9494821558910189,0.019518891349434853,0.12581866979599,0.3333333333333333
422,окончательный_ADJ,4.735308204302752e-05,0.2065524458885193,0.9622381180524826,0.019447367638349533,0.1971316933631897,0.3333333333333333
423,1-й_ADJ,2.5826064462750692e-05,0.24793390929698944,0.8785389717668295,0.014128146693110466,0.17589247226715088,-0.3333333333333333
424,земельный_ADJ,2.624859706752517e-05,0.271351620554924,0.8943517655134201,0.02272322028875351,0.3383391499519348,-0.3333333333333333
425,финский_ADJ,3.095619627625926e-05,0.3099118322134018,0.8107761517167091,0.013408784754574299,0.16929322481155396,-0.3333333333333333
426,правительственный_ADJ,3.062103226653145e-05,0.28749315440654755,0.9309970587491989,0.049096621572971344,0.3388226330280304,-0.3333333333333333
427,морской_ADJ,0.0001703180238049608,0.3000906705856323,0.7636190571356565,0.015940705314278603,0.052888333797454834,-0.3333333333333333
428,старший_ADJ,0.0002589530869003791,0.2610912173986435,0.933914722467307,0.021265845745801926,0.07496196031570435,0.3333333333333333
429,специфический_ADJ,3.3146748641896364e-05,0.17401358485221863,0.9453902174718678,0.014842125587165356,0.16554510593414307,-0.3333333333333333
430,зимний_ADJ,7.533495624495271e-05,0.22029706835746765,0.8586911037564278,0.014908342622220516,0.10055571794509888,-0.3333333333333333
431,конечный_ADJ,7.601948622741944e-05,0.31784020364284515,0.9556009320076555,0.021614911034703255,0.164295494556427,0.3333333333333333
432,магнитный_ADJ,5.573659803440186e-05,0.238117516040802,0.8881286159157753,0.00860779918730259,0.14410114288330078,-0.3333333333333333
433,органический_ADJ,5.5696926335086244e-05,0.2209492027759552,0.8888070851098746,0.03952721506357193,0.06443262100219727,-0.3333333333333333
434,будущий_ADJ,0.00015112653450314933,0.22315376996994019,0.9776204980444163,0.013544094748795033,0.08992767333984375,-0.3333333333333333
435,свойственный_ADJ,4.904658944696466e-05,0.1965874284505844,0.964673213311471,0.01167237013578415,0.0642390251159668,-0.3333333333333333
436,бытовой_ADJ,4.932766177223626e-05,0.2547842264175415,0.9500821006949991,0.030581200495362282,0.24012207984924316,-0.3333333333333333
437,разнообразный_ADJ,6.0297109176161325e-05,0.18268588185310364,0.9496588874608278,0.012639462016522884,0.054022133350372314,-0.3333333333333333
438,солдатский_ADJ,4.007988412987769e-05,0.2539462447166443,0.6049162819981575,0.029102811589837074,0.22120171785354614,-0.3333333333333333
439,московский_ADJ,0.0003185255104405015,0.32102732360363007,0.9374634749256074,0.01162529643625021,0.060487329959869385,0.3333333333333333
440,крупный_ADJ,0.0003540322264045214,0.23007410764694214,0.937685266835615,0.012842491269111633,0.09522747993469238,-0.3333333333333333
441,авторский_ADJ,3.651325318050466e-05,0.29322288930416107,0.9470625200192444,0.02415330894291401,0.21975189447402954,0.3333333333333333
442,больной_ADJ,9.82868422329599e-05,0.22727730870246887,0.9214063030667603,0.014452705159783363,0.09755605459213257,0.3333333333333333
443,финансовый_ADJ,9.631690750168243e-05,0.2582893371582031,0.9316229834221303,0.0543784536421299,0.3265526294708252,-0.3333333333333333
444,олимпийский_ADJ,2.7233036874136192e-05,0.2803822159767151,0.8379282738897018,0.021430455148220062,0.2472512125968933,0.3333333333333333
445,арабский_ADJ,2.6539953051106083e-05,0.2707406133413315,0.8471201434731483,0.031319569796323776,0.2643570899963379,-0.3333333333333333
446,равный_ADJ,0.0004243776614517838,0.2780454009771347,0.9049971317872405,0.019419891759753227,0.02994471788406372,-0.3333333333333333
447,новенький_ADJ,3.4652413908567596e-05,0.25242044031620026,0.7804683446884155,0.011483953334391117,0.08485764265060425,0.3333333333333333
448,ближайший_ADJ,9.844677671762641e-05,0.23345957696437836,0.9387345046270639,0.023050280287861824,0.15962833166122437,-0.3333333333333333
449,лесной_ADJ,9.950472435889286e-05,0.38832759857177734,0.7984307194128633,0.03807017207145691,0.25131404399871826,0.3333333333333333
450,мясной_ADJ,2.217433786946252e-05,0.24422870576381683,0.6472217319533229,0.026403510943055153,0.32290560007095337,-0.3333333333333333
451,европейский_ADJ,0.00010190084019048886,0.26496438682079315,0.9486988016287796,0.023493889719247818,0.14112520217895508,-0.3333333333333333
452,психический_ADJ,4.215604602158766e-05,0.2300230711698532,0.9519410992506891,0.016271116212010384,0.17636710405349731,-0.3333333333333333
453,знакомый_ADJ,0.00022290782462885448,0.1952604353427887,0.9920463098678738,0.009357480332255363,0.02763819694519043,-0.3333333333333333
454,мировой_ADJ,0.0002120713745773951,0.24840348958969116,0.9586472003720701,0.019250890240073204,0.14252698421478271,-0.3333333333333333
455,двадцатый_ADJ,4.260083877221489e-05,0.17343026399612427,0.904943646513857,0.009778188541531563,0.13002341985702515,-0.3333333333333333
456,самый_ADJ,0.0023033525076669534,0.13795563578605652,0.8919360376894474,0.010564015246927738,0.056864261627197266,-0.3333333333333333
457,военный_ADJ,0.0004165656863385,0.30606527626514435,0.9580232053995132,0.015139765106141567,0.06446737051010132,-0.3333333333333333
458,подобный_ADJ,0.0003836801677715353,0.23647645115852356,0.9546593257691711,0.005056587513536215,0.03571724891662598,0.3333333333333333
459,любой_ADJ,0.0005487860474897418,0.17741188406944275,0.9253331162035465,0.009581904858350754,0.08757764101028442,-0.3333333333333333
460,собственный_ADJ,0.00047010816870628484,0.23736007511615753,0.9529550673032645,0.01117157656699419,0.038510024547576904,0.3333333333333333
461,металлический_ADJ,8.504072486073262e-05,0.20138445496559143,0.7793459966778755,0.013467412441968918,0.08290642499923706,-0.3333333333333333
462,королевский_ADJ,3.3447509857946193e-05,0.3499680757522583,0.66837502643466,0.025088775902986526,0.1185309886932373,-0.3333333333333333
463,грузинский_ADJ,3.4131525153851004e-05,0.2884912043809891,0.8018573424778879,0.03115113638341427,0.2836945056915283,-0.3333333333333333
464,плохо_ADJ,3.423063450649359e-05,0.2477702498435974,0.945732734631747,0.008737788535654545,0.09641838073730469,0.3333333333333333
465,подземный_ADJ,5.312717184633039e-05,0.2825251817703247,0.939171781996265,0.03318987786769867,0.16391265392303467,-0.3333333333333333
466,итальянский_ADJ,5.309882230371389e-05,0.2568016052246094,0.8346465285867453,0.02390602044761181,0.18534350395202637,-0.3333333333333333
467,партийный_ADJ,0.00011880009398506517,0.25635018944740295,0.9436701165977865,0.020199352875351906,0.1701493263244629,-0.3333333333333333
468,космический_ADJ,0.00011539643955545738,0.29265737533569336,0.9650323484092951,0.014809313230216503,0.14009100198745728,-0.3333333333333333
469,короткий_ADJ,0.00020705652180610275,0.21410183608531952,0.9467613599263132,0.016327396035194397,0.08601003885269165,-0.3333333333333333
470,химический_ADJ,0.00020114201114495388,0.2820751518011093,0.8915547728538513,0.038389481604099274,0.09479182958602905,-0.3333333333333333
471,временный_ADJ,7.458231808425398e-05,0.335846945643425,0.9605503352358937,0.028168126940727234,0.17601853609085083,0.3333333333333333
472,атомный_ADJ,7.296890971306453e-05,0.3180437982082367,0.9390319457743317,0.02534901350736618,0.13457262516021729,-0.3333333333333333
473,природный_ADJ,9.098209761646053e-05,0.2755945473909378,0.9353059534914792,0.03791413456201553,0.2323293685913086,-0.3333333333333333
474,согласный_ADJ,7.236148987349567e-05,0.30649013817310333,0.9694068487733603,0.016889750957489014,0.1029544472694397,0.3333333333333333
475,государственный_ADJ,0.0003716224518886716,0.31654731929302216,0.9277194193564355,0.029214322566986084,0.1526470184326172,-0.3333333333333333
476,основной_ADJ,0.00038107366904926315,0.23186767101287842,0.9555970686487854,0.013267572969198227,0.04450255632400513,0.3333333333333333
477,данный_ADJ,0.00020471674175849032,0.19603660702705383,0.9462732127867639,0.01226666197180748,0.10271459817886353,-0.3333333333333333
478,квадратный_ADJ,5.8043871117388496e-05,0.22472652792930603,0.7916788933798671,0.019358519464731216,0.23100566864013672,0.3333333333333333
479,крайний_ADJ,0.00015241128963235827,0.25769317150115967,0.9533685622736812,0.023829929530620575,0.11832034587860107,0.3333333333333333
480,дальний_ADJ,0.00012605851767680053,0.28014835715293884,0.9359780289232731,0.023723121732473373,0.13983017206192017,-0.3333333333333333
481,специальный_ADJ,0.00021122363822557747,0.2052159309387207,0.9449891251351801,0.011042353697121143,0.08249396085739136,-0.3333333333333333
482,высший_ADJ,0.00020949799256907538,0.23989535868167877,0.9632749017328024,0.01549552846699953,0.12284618616104126,-0.3333333333333333
483,краткий_ADJ,4.4240708402858275e-05,0.21483208239078522,0.9783627025317401,0.021125223487615585,0.09773117303848267,-0.3333333333333333
484,задний_ADJ,9.821325326257251e-05,0.29428546130657196,0.8362661991268396,0.016919761896133423,0.1094784140586853,-0.3333333333333333
485,громкий_ADJ,5.0517834885462296e-05,0.19777511060237885,0.777688370551914,0.022029230371117592,0.19972175359725952,-0.3333333333333333
486,дежурный_ADJ,5.124759585510352e-05,0.21726855635643005,0.8735251373145729,0.013568512164056301,0.1411011815071106,-0.3333333333333333
487,многие_ADJ,0.000720588738840171,0.19489774107933044,0.9323539305478334,0.009237498976290226,0.026247739791870117,-0.3333333333333333
488,общий_ADJ,0.0006560951381538924,0.24932421743869781,0.917414465919137,0.012996054254472256,0.026976943016052246,-0.3333333333333333
489,белый_ADJ,0.0006164489618975956,0.28012706339359283,0.7706173770129681,0.00911034643650055,0.0054972171783447266,0.3333333333333333
490,британский_ADJ,3.2670928841047707e-05,0.252373069524765,0.8942334540188313,0.015196222811937332,0.18938815593719482,-0.3333333333333333
491,формальный_ADJ,3.253965984406394e-05,0.20377078652381897,0.963633191306144,0.019062260165810585,0.19442743062973022,-0.3333333333333333
492,средневековый_ADJ,3.5463268535044945e-05,0.24352788925170898,0.8757573906332254,0.015364325605332851,0.025608599185943604,-0.3333333333333333
493,покойный_ADJ,3.5478837681459044e-05,0.2543807625770569,0.7789365500211716,0.020419320091605186,0.12374836206436157,-0.3333333333333333
494,бумажный_ADJ,4.0668862747769884e-05,0.2772703617811203,0.6962293162941933,0.01928681880235672,0.1718921661376953,-0.3333333333333333
495,деревянный_ADJ,0.00014250081521807484,0.21311809122562408,0.753476332873106,0.01136241015046835,0.07940882444381714,-0.3333333333333333
496,четвертый_ADJ,0.00014018259308147446,0.21887806057929993,0.9551678812131286,0.020783184096217155,0.1069837212562561,-0.3333333333333333
497,юный_ADJ,9.541940981218067e-05,0.22872866690158844,0.8681569583714008,0.018771599978208542,0.09492659568786621,-0.3333333333333333
498,горный_ADJ,9.510993394381661e-05,0.33602555096149445,0.8348106541670859,0.039826296269893646,0.22585761547088623,-0.3333333333333333
499,информационный_ADJ,7.303199749415822e-05,0.3012867420911789,0.9205235689878464,0.04746832326054573,0.31685903668403625,-0.3333333333333333
500,отечественный_ADJ,0.00011097381959455014,0.2662995457649231,0.9192086386028677,0.026142915710806847,0.20815664529800415,-0.3333333333333333
501,ночной_ADJ,0.00013290943478996156,0.2974819839000702,0.8640207070857286,0.028742928057909012,0.08038264513015747,-0.3333333333333333
502,молодежный_ADJ,2.638529115967568e-05,0.24928326904773712,0.9421539871254936,0.014023253694176674,0.2024971842765808,-0.3333333333333333
503,областной_ADJ,5.344725199439625e-05,0.2151389867067337,0.8877911944873631,0.027427539229393005,0.30549943447113037,-0.3333333333333333
504,глобальный_ADJ,3.119469820429982e-05,0.23469744622707367,0.9464970687404275,0.036794934421777725,0.2875189185142517,-0.3333333333333333
505,почтовый_ADJ,3.129656532296796e-05,0.32142817974090576,0.8500841404311359,0.024384446442127228,0.20670795440673828,-0.3333333333333333
506,разноцветный_ADJ,3.111016298015533e-05,0.14442408084869385,0.6911641024053097,0.009725591167807579,0.06376296281814575,-0.3333333333333333
507,право_ADJ,3.586285989938449e-05,0.278804212808609,0.8520956155844033,0.017066258937120438,0.20421111583709717,0.3333333333333333
508,стратегический_ADJ,3.593650179101377e-05,0.25887030363082886,0.9517995701171458,0.02848115563392639,0.2812902331352234,-0.3333333333333333
509,студенческий_ADJ,3.905835996084128e-05,0.22314894199371338,0.9233323249500245,0.010930660180747509,0.10384362936019897,0.3333333333333333
510,загадочный_ADJ,4.944054275041762e-05,0.23168738186359406,0.9571674119215459,0.021304680034518242,0.11163449287414551,-0.3333333333333333
511,обычный_ADJ,0.0002638897806123807,0.23289519548416138,0.9486610861495137,0.006182798650115728,0.03925216197967529,-0.3333333333333333
512,возможный_ADJ,0.00026156570336137956,0.19216683506965637,0.9325849562883377,0.01237955130636692,0.05610978603363037,-0.3333333333333333
513,другой_ADJ,0.0030286199313920123,0.13988672196865082,0.8487870302051306,0.011479339562356472,0.10074913501739502,-0.3333333333333333
514,ближний_ADJ,5.167461638932666e-05,0.3475552350282669,0.936726339161396,0.02549140714108944,0.21069014072418213,-0.3333333333333333
515,чей-то_ADJ,6.894748527192437e-05,0.24103745818138123,0.7850092127919197,0.016629301011562347,0.10772472620010376,-0.3333333333333333
516,прозрачный_ADJ,7.61596157334694e-05,0.18212266266345978,0.8143729604780674,0.01023371983319521,0.14750903844833374,-0.3333333333333333
517,последующий_ADJ,7.588662483553539e-05,0.18816150724887848,0.9658547573490068,0.012380138970911503,0.1459077000617981,-0.3333333333333333
518,иной_ADJ,0.0004941625123555427,0.1974768042564392,0.9298205748200417,0.017713278532028198,0.11234116554260254,-0.3333333333333333
519,длинный_ADJ,0.00031810641043696346,0.20722094178199768,0.8354700170457363,0.009604237042367458,0.04006451368331909,-0.3333333333333333
520,обидный_ADJ,4.7095788731039135e-05,0.20977021753787994,0.9512819496449083,0.015506030060350895,0.07247012853622437,0.3333333333333333
521,медленный_ADJ,3.387717066920719e-05,0.22689074277877808,0.9004318146035075,0.01799475960433483,0.1005319356918335,-0.3333333333333333
522,действительный_ADJ,3.392861027859597e-05,0.24644425511360168,0.9611924516502768,0.019349824637174606,0.11333155632019043,0.3333333333333333
523,целый_ADJ,0.0003680406573558788,0.17778858542442322,0.9603536622598767,0.006041896063834429,0.06911689043045044,0.3333333333333333
524,коммунальный_ADJ,2.9573031299853422e-05,0.2684589624404907,0.8245449839159846,0.030270593240857124,0.3857743740081787,-0.3333333333333333
525,президентский_ADJ,2.6304211708621182e-05,0.3813181519508362,0.7499104123562574,0.05375877767801285,0.46599555015563965,-0.3333333333333333
526,жидкий_ADJ,4.900641708703216e-05,0.22553907334804535,0.7570910565555096,0.014954677782952785,0.09738922119140625,-0.3333333333333333
527,региональный_ADJ,4.838425890497809e-05,0.3328557461500168,0.7463460327562643,0.0455196239054203,0.38840335607528687,1.0
528,резиновый_ADJ,4.394849065751995e-05,0.23096290230751038,0.6954226903617382,0.0198567733168602,0.1532260775566101,-0.3333333333333333
529,мертвый_ADJ,0.00013507134412127613,0.31310124695301056,0.8461947273463011,0.013813892379403114,0.05211949348449707,0.3333333333333333
530,вечный_ADJ,0.00014426327918152715,0.29047487676143646,0.8977820994332433,0.015118556097149849,0.149819016456604,-0.3333333333333333
531,следующий_ADJ,0.00041635914908358287,0.1883535087108612,0.9363536261662375,0.008361651562154293,0.06090188026428223,-0.3333333333333333
532,настоящий_ADJ,0.0004212559151245146,0.2791161835193634,0.9626819035038352,0.025551170110702515,0.07567179203033447,0.3333333333333333
