,WORD,frequency,mean_dist_globalanchors,sum_deltas_globalanchors,mean_dist_procrustes,sum_deltas_procrustes
0,головной_ADJ,4.280013154350147e-05,0.311767041683197,1.0,0.4074300527572632,1.0
1,обычный_ADJ,0.0002638897806123807,0.2661231458187103,1.0,0.23289650678634644,-0.3333333333333333
2,совместный_ADJ,7.11194116502803e-05,0.19072282314300537,1.0,0.2488199770450592,1.0
3,социальный_ADJ,0.00023790158670770637,0.16179360449314117,1.0,0.2718522548675537,0.3333333333333333
4,химический_ADJ,0.00020114201114495388,0.2003811150789261,0.3333333333333333,0.2820749580860138,0.3333333333333333
5,конкретный_ADJ,0.00012617140909952702,0.15336334705352783,1.0,0.20552292466163635,1.0
6,средневековый_ADJ,3.5463268535044945e-05,0.22292187809944153,0.3333333333333333,0.24352790415287018,-0.3333333333333333
7,сталинский_ADJ,4.6282887857839104e-05,0.22545841336250305,1.0,0.2878757417201996,1.0
8,второй_ADJ,0.000812786992344618,0.3419296443462372,1.0,0.21024127304553986,1.0
9,энергетический_ADJ,3.4970278627952395e-05,0.19959183037281036,1.0,0.27501310408115387,0.3333333333333333
10,подлинный_ADJ,8.035022025143772e-05,0.14933344721794128,1.0,0.2231169044971466,0.3333333333333333
11,восточный_ADJ,8.353363363848161e-05,0.24504871666431427,1.0,0.28663188219070435,0.3333333333333333
12,формальный_ADJ,3.253965984406394e-05,0.15478017926216125,1.0,0.20377109944820404,1.0
13,психический_ADJ,4.215604602158766e-05,0.16778241097927094,1.0,0.230022594332695,0.3333333333333333
14,предыдущий_ADJ,6.442366057116908e-05,0.22037531435489655,1.0,0.24466164410114288,1.0
15,очередной_ADJ,0.00016877669892414478,0.33563587069511414,1.0,0.19252687692642212,1.0
16,ученый_ADJ,4.0203524547873814e-05,0.2211877852678299,1.0,0.2798139750957489,1.0
17,вертикальный_ADJ,2.8836730424198162e-05,0.1724412590265274,1.0,0.21214859187602997,1.0
18,бумажный_ADJ,4.0668862747769884e-05,0.13396279513835907,1.0,0.2772696614265442,1.0
19,педагогический_ADJ,3.966449477969526e-05,0.19376622140407562,1.0,0.23515993356704712,0.3333333333333333
20,слышный_ADJ,3.5246228611757306e-05,0.18204142153263092,0.3333333333333333,0.15100660920143127,1.0
21,вечный_ADJ,0.00014426327918152715,0.22769279778003693,1.0,0.29047559201717377,1.0
22,бесплатный_ADJ,2.4425614000521244e-05,0.247540682554245,1.0,0.23683588206768036,1.0
23,украинский_ADJ,5.1152682514205974e-05,0.2574208974838257,0.3333333333333333,0.2735512852668762,0.3333333333333333
24,природный_ADJ,9.098209761646053e-05,0.17127886414527893,1.0,0.2755952626466751,1.0
25,областной_ADJ,5.344725199439625e-05,0.20782975852489471,1.0,0.215139240026474,1.0
26,один_ADJ,0.0009541682484809291,0.35630665719509125,0.3333333333333333,0.20836399495601654,0.3333333333333333
27,бесконечный_ADJ,8.377866334469323e-05,0.23049557209014893,1.0,0.23660381138324738,0.3333333333333333
28,культурный_ADJ,0.00010329652607385303,0.18368369340896606,1.0,0.2764693796634674,1.0
29,арабский_ADJ,2.6539953051106083e-05,0.2872089147567749,1.0,0.27074073255062103,1.0
30,десятый_ADJ,4.4009961504811816e-05,0.33191484212875366,1.0,0.19804488122463226,1.0
31,многие_ADJ,0.000720588738840171,0.18743880093097687,1.0,0.19489668309688568,0.3333333333333333
32,японский_ADJ,7.64950242468385e-05,0.29684267938137054,0.3333333333333333,0.33242367208004,0.3333333333333333
33,конституционный_ADJ,2.0400782676929386e-05,0.2471940666437149,0.3333333333333333,0.36003918945789337,0.3333333333333333
34,третий_ADJ,0.00043337559370769965,0.3774747848510742,1.0,0.1934601217508316,1.0
35,комсомольский_ADJ,4.3874735410760555e-05,0.27086062729358673,0.3333333333333333,0.31141649186611176,1.0
36,незнакомый_ADJ,8.448275612479408e-05,0.35529716312885284,0.3333333333333333,0.20642538368701935,1.0
37,ближайший_ADJ,9.844677671762641e-05,0.28822506964206696,1.0,0.23345933854579926,1.0
38,актерский_ADJ,2.962714376506286e-05,0.2004573494195938,1.0,0.2205485999584198,1.0
39,мощный_ADJ,0.00012629762068653717,0.1968461126089096,1.0,0.18402543663978577,1.0
40,круглый_ADJ,0.00012102187952441266,0.17672514915466309,1.0,0.2718588560819626,1.0
41,тайный_ADJ,8.854547104565134e-05,0.24640659987926483,1.0,0.28057436645030975,1.0
42,географический_ADJ,2.6771093148908578e-05,0.19765517115592957,1.0,0.24322469532489777,1.0
43,домашний_ADJ,0.00010848030359845796,0.30291247367858887,1.0,0.30784840881824493,1.0
44,больной_ADJ,9.82868422329599e-05,0.26991961896419525,0.3333333333333333,0.22727735340595245,1.0
45,биологический_ADJ,5.751297339730026e-05,0.18525151908397675,0.3333333333333333,0.2546822428703308,1.0
46,положенный_ADJ,6.561005162654384e-05,0.3887040466070175,1.0,0.2867954224348068,1.0
47,производственный_ADJ,6.13836581002464e-05,0.19393421709537506,1.0,0.2465139925479889,1.0
48,экономический_ADJ,0.00019278953194363927,0.18253254890441895,1.0,0.23192483186721802,1.0
49,крошечный_ADJ,3.2410932708808e-05,0.1476079672574997,1.0,0.2078106552362442,1.0
50,летний_ADJ,7.795722011821799e-05,0.219126358628273,1.0,0.2156922072172165,1.0
51,психологический_ADJ,7.746337981273721e-05,0.15557371079921722,1.0,0.23837360739707947,1.0
52,южный_ADJ,9.669962380011473e-05,0.21967411041259766,1.0,0.2646375596523285,0.3333333333333333
53,бюджетный_ADJ,2.5134708149146947e-05,0.2491554319858551,1.0,0.3544021099805832,1.0
54,зарубежный_ADJ,6.458317604198011e-05,0.19009748101234436,0.3333333333333333,0.2284063845872879,1.0
55,конечный_ADJ,7.601948622741944e-05,0.20406949520111084,1.0,0.31784065067768097,1.0
56,учебный_ADJ,8.979056284785473e-05,0.22988197207450867,0.3333333333333333,0.28445933759212494,1.0
57,судебный_ADJ,7.858112054437712e-05,0.2173951119184494,1.0,0.2813935726881027,1.0
58,обратный_ADJ,8.807818199532542e-05,0.31750236451625824,0.3333333333333333,0.21360908448696136,1.0
59,исторический_ADJ,0.00019904076626340263,0.14454461634159088,1.0,0.26195676624774933,1.0
60,гражданский_ADJ,0.0001446336880717198,0.21682311594486237,1.0,0.29666900634765625,0.3333333333333333
61,политический_ADJ,0.0002978119030772804,0.16435983777046204,1.0,0.3046976774930954,0.3333333333333333
62,чрезвычайный_ADJ,2.7701537024405865e-05,0.20299045741558075,1.0,0.26181840896606445,1.0
63,фактический_ADJ,2.2157372952709393e-05,0.16753830015659332,1.0,0.2351546585559845,0.3333333333333333
64,государственный_ADJ,0.0003716224518886716,0.19528737664222717,1.0,0.3165476769208908,0.3333333333333333
65,водный_ADJ,5.389687204718879e-05,0.19943514466285706,1.0,0.312226802110672,1.0
66,синий_ADJ,0.00016472238007581323,0.12069587409496307,0.3333333333333333,0.265559121966362,1.0
67,ленинский_ADJ,5.522577628820886e-05,0.228897362947464,1.0,0.3050985038280487,1.0
68,отдельный_ADJ,0.0002443301989431722,0.21594920754432678,0.3333333333333333,0.19975271821022034,0.3333333333333333
69,сырой_ADJ,4.234954646324177e-05,0.11002951860427856,0.3333333333333333,0.21088482439517975,1.0
70,предварительный_ADJ,4.472011705450714e-05,0.1966179758310318,1.0,0.25139085948467255,1.0
71,золотой_ADJ,0.00019865470354193108,0.19611676037311554,1.0,0.3305727541446686,0.3333333333333333
72,высокий_ADJ,0.0006464174655786881,0.2959269881248474,1.0,0.20784133672714233,0.3333333333333333
73,мужской_ADJ,9.461175657603626e-05,0.2937420457601547,0.3333333333333333,0.3001571595668793,1.0
74,нужный_ADJ,0.0011430987958362213,0.22207678854465485,1.0,0.17644694447517395,0.3333333333333333
75,таинственный_ADJ,6.235101327605082e-05,0.25500689446926117,1.0,0.23973387479782104,0.3333333333333333
76,привычный_ADJ,9.361578995070072e-05,0.26257137954235077,1.0,0.22436390817165375,0.3333333333333333
77,социалистический_ADJ,9.584437364949473e-05,0.18830111622810364,1.0,0.28148458898067474,0.3333333333333333
78,неподвижный_ADJ,3.89939381374052e-05,0.1503116935491562,0.3333333333333333,0.19147692620754242,1.0
79,коммунальный_ADJ,2.9573031299853422e-05,0.3091880679130554,1.0,0.26845893263816833,1.0
80,публичный_ADJ,3.437004928295974e-05,0.21752233803272247,1.0,0.2788906395435333,0.3333333333333333
81,зимний_ADJ,7.533495624495271e-05,0.20256759226322174,1.0,0.2202969789505005,1.0
82,налоговый_ADJ,4.4905390961133576e-05,0.28759752213954926,1.0,0.38960690796375275,1.0
83,необходимый_ADJ,0.0004464156737029922,0.16644158959388733,1.0,0.1822565346956253,0.3333333333333333
84,финский_ADJ,3.095619627625926e-05,0.24877725541591644,1.0,0.30991166830062866,1.0
85,мудрый_ADJ,4.3131241611502965e-05,0.19166450202465057,1.0,0.2518400549888611,0.3333333333333333
86,духовный_ADJ,0.00016942515129090289,0.15333342552185059,1.0,0.2209065854549408,1.0
87,внутренний_ADJ,0.0002854358950646818,0.19770409166812897,1.0,0.2810826301574707,1.0
88,демократический_ADJ,4.6559643333767056e-05,0.18368157744407654,1.0,0.2323189377784729,1.0
89,голый_ADJ,0.00010615815449617949,0.14806191623210907,1.0,0.24366672337055206,1.0
90,газетный_ADJ,3.514144800811653e-05,0.2520432323217392,1.0,0.2311890572309494,1.0
91,всеобщий_ADJ,6.836673464273605e-05,0.18504329025745392,1.0,0.27210311591625214,1.0
92,достаточный_ADJ,9.659627702530845e-05,0.2334752231836319,1.0,0.22760020196437836,1.0
93,секретный_ADJ,4.0136394475911554e-05,0.21953555941581726,1.0,0.227809339761734,1.0
94,кремлевский_ADJ,2.864319346266972e-05,0.26189811527729034,1.0,0.3035157769918442,1.0
95,уголовный_ADJ,7.275211453622539e-05,0.23685100674629211,1.0,0.2810072600841522,1.0
96,максимальный_ADJ,4.9428656342152064e-05,0.19677335023880005,1.0,0.18134282529354095,0.3333333333333333
97,академический_ADJ,2.618766233578808e-05,0.19643044471740723,1.0,0.2732585370540619,1.0
98,встречный_ADJ,3.1909257713067563e-05,0.3247307240962982,1.0,0.27202004194259644,0.3333333333333333
99,традиционный_ADJ,8.268139200052632e-05,0.20737187564373016,1.0,0.22961415350437164,1.0
100,утренний_ADJ,5.317382129695364e-05,0.24020440876483917,0.3333333333333333,0.20215247571468353,0.3333333333333333
101,физический_ADJ,0.00014824830667541105,0.16219957172870636,1.0,0.28238819539546967,1.0
102,абсолютный_ADJ,6.245309653394549e-05,0.16474570333957672,1.0,0.23510728776454926,1.0
103,следственный_ADJ,2.2752080331490132e-05,0.22915776073932648,1.0,0.22843517363071442,1.0
104,районный_ADJ,3.975853314561164e-05,0.21106037497520447,1.0,0.21089230477809906,1.0
105,вкусный_ADJ,4.250638056431683e-05,0.17383135855197906,1.0,0.14189521968364716,1.0
106,глобальный_ADJ,3.119469820429982e-05,0.18118038773536682,0.3333333333333333,0.2346971184015274,1.0
107,рад_ADJ,8.416257392215646e-05,0.24190601706504822,0.3333333333333333,0.23441094160079956,1.0
108,постоянный_ADJ,0.00014924484699862747,0.19676223397254944,1.0,0.25468993186950684,0.3333333333333333
109,аналогичный_ADJ,4.705212052321996e-05,0.18658006191253662,1.0,0.2317950278520584,1.0
110,молодой_ADJ,0.0007011054593542982,0.3011619746685028,1.0,0.23399882018566132,0.3333333333333333
111,народный_ADJ,0.00022026972457698098,0.20883366465568542,1.0,0.3200184851884842,0.3333333333333333
112,немыслимый_ADJ,3.602269115250659e-05,0.2513413578271866,1.0,0.296541303396225,0.3333333333333333
113,влажный_ADJ,4.378002191255896e-05,0.09708577394485474,0.3333333333333333,0.166020929813385,1.0
114,согласный_ADJ,7.236148987349567e-05,0.19891448318958282,1.0,0.3064901530742645,1.0
115,любовный_ADJ,3.224269702465332e-05,0.22650568187236786,1.0,0.2632136642932892,0.3333333333333333
116,оперативный_ADJ,4.331067367667516e-05,0.23197154700756073,0.3333333333333333,0.2486387938261032,1.0
117,текущий_ADJ,3.9441554382352915e-05,0.2391771525144577,1.0,0.22972585260868073,1.0
118,английский_ADJ,0.00017804910636929377,0.247614324092865,1.0,0.23906411230564117,1.0
119,покойный_ADJ,3.5478837681459044e-05,0.1897982656955719,1.0,0.2543804943561554,1.0
120,литературный_ADJ,0.0001601014363813977,0.1645302027463913,1.0,0.27447445690631866,0.3333333333333333
121,московский_ADJ,0.0003185255104405015,0.21610869467258453,1.0,0.3210274577140808,1.0
122,последний_ADJ,0.0010438665757439825,0.32758714258670807,0.3333333333333333,0.18549272418022156,0.3333333333333333
123,мировой_ADJ,0.0002120713745773951,0.22023800015449524,1.0,0.24840274453163147,1.0
124,церковный_ADJ,7.229595674227956e-05,0.22458559274673462,1.0,0.2530869096517563,1.0
125,железнодорожный_ADJ,5.526274596729738e-05,0.2242431938648224,1.0,0.27745553851127625,1.0
126,громкий_ADJ,5.0517834885462296e-05,0.2537875175476074,1.0,0.19777530431747437,1.0
127,малый_ADJ,0.0002448420674776832,0.3609504848718643,0.3333333333333333,0.2714928686618805,1.0
128,склонный_ADJ,3.3637928935536555e-05,0.15569806098937988,1.0,0.2135339081287384,1.0
129,возможный_ADJ,0.00026156570336137956,0.1602638214826584,1.0,0.19216592609882355,0.3333333333333333
130,медленный_ADJ,3.387717066920719e-05,0.21656674146652222,0.3333333333333333,0.22689083218574524,0.3333333333333333
131,защитный_ADJ,2.8825323026601144e-05,0.17711839079856873,1.0,0.22801557183265686,0.3333333333333333
132,настоящий_ADJ,0.0004212559151245146,0.2636374980211258,1.0,0.2791179120540619,1.0
133,новенький_ADJ,3.4652413908567596e-05,0.1491459161043167,1.0,0.2524201571941376,1.0
134,густой_ADJ,9.082571325414612e-05,0.10728427767753601,0.3333333333333333,0.19592249393463135,1.0
135,эстетический_ADJ,3.0356716207185693e-05,0.1611987203359604,1.0,0.2019926905632019,0.3333333333333333
136,разнообразный_ADJ,6.0297109176161325e-05,0.19885919988155365,1.0,0.18268592655658722,0.3333333333333333
137,воинский_ADJ,4.079292080870925e-05,0.22076749801635742,1.0,0.20454303920269012,1.0
138,начальный_ADJ,3.71292042940069e-05,0.22217607498168945,0.3333333333333333,0.2604786604642868,1.0
139,авиационный_ADJ,3.8377374721836374e-05,0.21135452389717102,0.3333333333333333,0.23933832347393036,1.0
140,дополнительный_ADJ,9.53978637250299e-05,0.19210092723369598,1.0,0.19742824137210846,1.0
141,телевизионный_ADJ,3.055920310608114e-05,0.2664909213781357,1.0,0.2762390226125717,1.0
142,неведомый_ADJ,5.1784983147633736e-05,0.29086656868457794,1.0,0.2204160839319229,0.3333333333333333
143,тревожный_ADJ,4.060648138757551e-05,0.22968630492687225,1.0,0.1850893199443817,0.3333333333333333
144,книжный_ADJ,4.402955094495103e-05,0.2626953721046448,1.0,0.2988666146993637,1.0
145,математический_ADJ,5.002791594292382e-05,0.16832736134529114,1.0,0.2236490696668625,1.0
146,исходный_ADJ,4.7142804423152876e-05,0.20160922408103943,1.0,0.23273693025112152,1.0
147,единый_ADJ,0.00017612983625412706,0.2515984773635864,1.0,0.2818043678998947,1.0
148,партийный_ADJ,0.00011880009398506517,0.2405833750963211,1.0,0.2563500702381134,1.0
149,каждый_ADJ,0.001446642761999812,0.30785880982875824,0.3333333333333333,0.1364726573228836,1.0
150,жаркий_ADJ,6.09910110769865e-05,0.16645704209804535,1.0,0.19407910108566284,1.0
151,общественный_ADJ,0.0002234027336539561,0.17275148630142212,1.0,0.2746771275997162,0.3333333333333333
152,коммерческий_ADJ,4.860657938626362e-05,0.2429695427417755,1.0,0.32535067200660706,1.0
153,божий_ADJ,8.883915740246351e-05,0.24572345614433289,0.3333333333333333,0.22088544070720673,1.0
154,характерный_ADJ,9.510194265547898e-05,0.1897244155406952,1.0,0.22577522695064545,0.3333333333333333
155,итальянский_ADJ,5.309882230371389e-05,0.22984445095062256,1.0,0.25680169463157654,1.0
156,ключевой_ADJ,2.806175347216755e-05,0.2598287910223007,1.0,0.32077556848526,0.3333333333333333
157,женский_ADJ,0.0001469565460388574,0.29206377267837524,1.0,0.2858818918466568,1.0
158,интеллектуальный_ADJ,4.318905284031529e-05,0.16129353642463684,1.0,0.29574379324913025,0.3333333333333333
159,банковский_ADJ,2.705384103611832e-05,0.2875948026776314,1.0,0.3411339670419693,1.0
160,ядерный_ADJ,6.218187885695017e-05,0.19846536219120026,1.0,0.26342977583408356,1.0
161,городской_ADJ,0.00015440509941989428,0.27046553790569305,1.0,0.3038513511419296,1.0
162,скорый_ADJ,5.197513334402938e-05,0.3211936950683594,1.0,0.22379980981349945,1.0
163,таможенный_ADJ,1.9525340263333453e-05,0.26139605045318604,0.3333333333333333,0.3506145179271698,0.3333333333333333
164,президентский_ADJ,2.6304211708621182e-05,0.32998567074537277,1.0,0.38131818175315857,1.0
165,поздний_ADJ,6.115097023347044e-05,0.29704272747039795,1.0,0.22510696947574615,1.0
166,горький_ADJ,7.247341583310007e-05,0.21358689665794373,1.0,0.26640334725379944,0.3333333333333333
167,немецкий_ADJ,0.00019952516769432656,0.2708629369735718,1.0,0.24346713721752167,0.3333333333333333
168,легко_ADJ,3.3683064964942127e-05,0.30334891378879547,1.0,0.21624648571014404,1.0
169,соседний_ADJ,0.00011102760298125402,0.22975803911685944,1.0,0.2265709638595581,0.3333333333333333
170,римский_ADJ,4.130273771172087e-05,0.19621221721172333,1.0,0.3063601106405258,1.0
171,растительный_ADJ,2.715446871147348e-05,0.1535664200782776,1.0,0.20809349417686462,1.0
172,советский_ADJ,0.0007240070746913886,0.18209265172481537,1.0,0.21210359036922455,1.0
173,старший_ADJ,0.0002589530869003791,0.24019329249858856,1.0,0.2610929161310196,0.3333333333333333
174,ночной_ADJ,0.00013290943478996156,0.23725727200508118,1.0,0.29748277366161346,-0.3333333333333333
175,ручной_ADJ,3.0150331026173697e-05,0.18399734795093536,1.0,0.2612948566675186,0.3333333333333333
176,разноцветный_ADJ,3.111016298015533e-05,0.09810701012611389,1.0,0.14442424476146698,1.0
177,строительный_ADJ,5.830223795421297e-05,0.21931737661361694,1.0,0.30538591742515564,0.3333333333333333
178,загадочный_ADJ,4.944054275041762e-05,0.24687263369560242,1.0,0.2316877245903015,0.3333333333333333
179,заметный_ADJ,7.237336184733174e-05,0.24923761188983917,1.0,0.1792498230934143,1.0
180,пермский_ADJ,1.8520683428644015e-05,0.267177052795887,1.0,0.3330332934856415,1.0
181,чей-то_ADJ,6.894748527192437e-05,0.23027735948562622,1.0,0.24103647470474243,1.0
182,рядовой_ADJ,3.848567457205101e-05,0.2636963427066803,1.0,0.29983726143836975,0.3333333333333333
183,подводный_ADJ,0.0001011431351445388,0.2598911076784134,0.3333333333333333,0.297365739941597,0.3333333333333333
184,центральный_ADJ,0.00015467687540790604,0.21556870639324188,1.0,0.3104746639728546,1.0
185,стандартный_ADJ,2.8281102048979004e-05,0.24643462896347046,0.3333333333333333,0.2766355127096176,0.3333333333333333
186,западный_ADJ,0.00015184897588954135,0.21487204730510712,0.3333333333333333,0.2904246002435684,0.3333333333333333
187,длительный_ADJ,5.9848353096023666e-05,0.21910393238067627,1.0,0.1813851296901703,1.0
188,коричневый_ADJ,4.890645001533364e-05,0.09599897265434265,1.0,0.19644877314567566,1.0
189,гладкий_ADJ,3.860948599904349e-05,0.12074264883995056,0.3333333333333333,0.2231505960226059,1.0
190,атомный_ADJ,7.296890971306453e-05,0.25331634283065796,0.3333333333333333,0.3180437386035919,1.0
191,коммунистический_ADJ,7.106654947096546e-05,0.19728714227676392,1.0,0.2908490300178528,1.0
192,иной_ADJ,0.0004941625123555427,0.17360255122184753,1.0,0.19747771322727203,1.0
193,металлический_ADJ,8.504072486073262e-05,0.11646026372909546,1.0,0.20138394832611084,1.0
194,кавказский_ADJ,2.896742189290706e-05,0.24449071288108826,1.0,0.30893711745738983,1.0
195,крохотный_ADJ,4.197572500608665e-05,0.14519473910331726,1.0,0.21683113276958466,1.0
196,почтовый_ADJ,3.129656532296796e-05,0.21960526704788208,1.0,0.3214283734560013,1.0
197,русский_ADJ,0.000782997561659623,0.19124025106430054,1.0,0.23594990372657776,0.3333333333333333
198,гордый_ADJ,3.96244140035784e-05,0.21101588010787964,1.0,0.2701941132545471,0.3333333333333333
199,половой_ADJ,4.32616430149417e-05,0.2831777334213257,0.3333333333333333,0.3294413834810257,0.3333333333333333
200,действительный_ADJ,3.392861027859597e-05,0.14941567182540894,1.0,0.24644413590431213,1.0
201,резиновый_ADJ,4.394849065751995e-05,0.10871687531471252,1.0,0.23096291720867157,1.0
202,мясной_ADJ,2.217433786946252e-05,0.16887140274047852,1.0,0.24422897398471832,1.0
203,весенний_ADJ,4.385438480261186e-05,0.1903514862060547,1.0,0.18924853205680847,1.0
204,серебряный_ADJ,6.48729966778864e-05,0.12448398768901825,1.0,0.2458258867263794,1.0
205,избирательный_ADJ,2.6504195638981905e-05,0.2511036545038223,0.3333333333333333,0.3853306919336319,0.3333333333333333
206,рыночный_ADJ,2.9960041713873286e-05,0.2827605903148651,1.0,0.3718296140432358,1.0
207,окончательный_ADJ,4.735308204302752e-05,0.1899300366640091,1.0,0.20655269920825958,1.0
208,специфический_ADJ,3.3146748641896364e-05,0.16210933029651642,1.0,0.17401401698589325,1.0
209,известный_ADJ,0.0006765866629068673,0.17710500955581665,1.0,0.1738334745168686,0.3333333333333333
210,структурный_ADJ,2.83992191221942e-05,0.17291826009750366,1.0,0.22871381044387817,1.0
211,муниципальный_ADJ,2.5001352944600548e-05,0.3021930307149887,0.3333333333333333,0.4406149983406067,0.3333333333333333
212,целый_ADJ,0.0003680406573558788,0.35775570571422577,0.3333333333333333,0.17778950929641724,1.0
213,механический_ADJ,4.827321649044768e-05,0.19401484727859497,1.0,0.2588329315185547,1.0
214,знакомый_ADJ,0.00022290782462885448,0.3442051261663437,1.0,0.19526085257530212,0.3333333333333333
215,китайский_ADJ,6.587559625628662e-05,0.29956938326358795,1.0,0.35044872760772705,1.0
216,элементарный_ADJ,4.2816122687676544e-05,0.17899730801582336,1.0,0.2642775774002075,1.0
217,уверенный_ADJ,0.00018362418130822057,0.19680514931678772,1.0,0.24991565942764282,0.3333333333333333
218,лесной_ADJ,9.950472435889286e-05,0.2793695032596588,0.3333333333333333,0.38832738995552063,0.3333333333333333
219,греческий_ADJ,5.173860244019952e-05,0.21013598144054413,1.0,0.22806385159492493,1.0
220,научно-технический_ADJ,2.8304567973582827e-05,0.21052449941635132,1.0,0.25669877231121063,0.3333333333333333
221,случайный_ADJ,8.381980584922404e-05,0.25986701250076294,0.3333333333333333,0.2577509880065918,1.0
222,дорожный_ADJ,3.380451622734564e-05,0.2538704574108124,1.0,0.331100657582283,1.0
223,британский_ADJ,3.2670928841047707e-05,0.2436050921678543,0.3333333333333333,0.252373144030571,0.3333333333333333
224,таков_ADJ,0.00010466948442665436,0.1811612993478775,1.0,0.3021184056997299,1.0
225,внезапный_ADJ,4.158100543409603e-05,0.2087477147579193,1.0,0.2058342695236206,1.0
226,прошлый_ADJ,0.00019657977721552745,0.3211691975593567,1.0,0.19221682846546173,1.0
227,кожаный_ADJ,5.1789362354255394e-05,0.11224447190761566,1.0,0.16244269907474518,1.0
228,молодежный_ADJ,2.638529115967568e-05,0.21583962440490723,1.0,0.24928320944309235,1.0
229,краткий_ADJ,4.4240708402858275e-05,0.21430997550487518,1.0,0.21483281254768372,1.0
230,сплошной_ADJ,5.717630392117324e-05,0.1957111358642578,1.0,0.26044677197933197,0.3333333333333333
231,древний_ADJ,0.00019183721889796872,0.21147418022155762,1.0,0.20432625710964203,-0.3333333333333333
232,школьный_ADJ,9.048587824291636e-05,0.3372494727373123,1.0,0.2733883559703827,1.0
233,электронный_ADJ,6.810332865421935e-05,0.26037365198135376,1.0,0.2902785837650299,1.0
234,звездный_ADJ,3.472305711987665e-05,0.2533804476261139,1.0,0.2526322603225708,1.0
235,непрерывный_ADJ,3.59658240660173e-05,0.19147297739982605,0.3333333333333333,0.22163070738315582,0.3333333333333333
236,боевой_ADJ,0.0001641044923838053,0.2863229066133499,1.0,0.2928548902273178,1.0
237,будущий_ADJ,0.00015112653450314933,0.22381311655044556,1.0,0.2231546938419342,1.0
238,двойной_ADJ,4.9000099605920536e-05,0.2404547929763794,1.0,0.3610840290784836,0.3333333333333333
239,обидный_ADJ,4.7095788731039135e-05,0.19862349331378937,0.3333333333333333,0.2097702920436859,1.0
240,жилой_ADJ,4.176929060770712e-05,0.21490758657455444,0.3333333333333333,0.20454390347003937,1.0
241,правовой_ADJ,5.383367754760656e-05,0.2049308866262436,0.3333333333333333,0.28501245379447937,0.3333333333333333
242,семейный_ADJ,9.508189622391483e-05,0.28194375336170197,1.0,0.29089589416980743,1.0
243,нормативный_ADJ,2.1277652743202358e-05,0.28689436614513397,0.3333333333333333,0.3786954954266548,0.3333333333333333
244,частный_ADJ,0.0001123855694430903,0.19148804247379303,1.0,0.2576686143875122,0.3333333333333333
245,христианский_ADJ,6.535650796814861e-05,0.15298646688461304,1.0,0.17863290011882782,1.0
246,невидимый_ADJ,6.867981469136836e-05,0.18388494849205017,1.0,0.2586991637945175,1.0
247,бурный_ADJ,4.670222858124809e-05,0.23304057121276855,1.0,0.19712693989276886,0.3333333333333333
248,основной_ADJ,0.00038107366904926315,0.17749333381652832,1.0,0.23186619579792023,1.0
249,германский_ADJ,4.415283086180316e-05,0.2256079465150833,1.0,0.2708255797624588,1.0
250,передний_ADJ,6.346344479848758e-05,0.19188453257083893,1.0,0.2600174844264984,1.0
251,общий_ADJ,0.0006560951381538924,0.188431516289711,1.0,0.24932458996772766,0.3333333333333333
252,коллективный_ADJ,3.7846626305618536e-05,0.17244255542755127,1.0,0.281804695725441,1.0
253,прав_ADJ,9.511729629206455e-05,0.17856121063232422,1.0,0.22745947539806366,0.3333333333333333
254,длинный_ADJ,0.00031810641043696346,0.1662880778312683,1.0,0.20722128450870514,1.0
255,геологический_ADJ,3.253193902938566e-05,0.22611528635025024,0.3333333333333333,0.2954080402851105,0.3333333333333333
256,законодательный_ADJ,2.5522043406505506e-05,0.26467475295066833,0.3333333333333333,0.3261434733867645,1.0
257,деревянный_ADJ,0.00014250081521807484,0.11729741096496582,1.0,0.21311795711517334,1.0
258,индивидуальный_ADJ,6.752564440468807e-05,0.1774614155292511,1.0,0.28024569153785706,1.0
259,деревенский_ADJ,5.357584328975196e-05,0.2137785702943802,0.3333333333333333,0.2658062130212784,1.0
260,преподобный_ADJ,4.563737295999211e-05,0.21111449599266052,0.3333333333333333,0.23728948831558228,-0.3333333333333333
261,близкий_ADJ,0.00028649632241615927,0.2524395287036896,1.0,0.2384233921766281,-0.3333333333333333
262,ленинградский_ADJ,6.515049838218449e-05,0.2006080150604248,1.0,0.2714771032333374,0.3333333333333333
263,жилищный_ADJ,2.1967440237226483e-05,0.24127283692359924,1.0,0.25109924376010895,1.0
264,телефонный_ADJ,7.608743742699106e-05,0.2795635759830475,1.0,0.28681449592113495,1.0
265,седой_ADJ,5.973825404231304e-05,0.12773172557353973,0.3333333333333333,0.19245979189872742,1.0
266,промышленный_ADJ,8.265350767063705e-05,0.19330820441246033,1.0,0.26471829414367676,1.0
267,всевозможный_ADJ,3.4241136868868865e-05,0.20594054460525513,1.0,0.22747798264026642,0.3333333333333333
268,сильный_ADJ,0.00031011196583129944,0.23688283562660217,1.0,0.2256852239370346,0.3333333333333333
269,аналитический_ADJ,1.9944185927036253e-05,0.22751225531101227,1.0,0.24794797599315643,1.0
270,минимальный_ADJ,4.233747291737076e-05,0.22306455671787262,1.0,0.22092406451702118,1.0
271,сельский_ADJ,9.3650338014149e-05,0.27618564665317535,1.0,0.2863200008869171,0.3333333333333333
272,единственный_ADJ,0.0003093690892423224,0.2388811707496643,0.3333333333333333,0.2386595606803894,0.3333333333333333
273,прочий_ADJ,0.00015775919915372324,0.23001833260059357,1.0,0.3326967805624008,-0.3333333333333333
274,каков_ADJ,8.456384541478458e-05,0.20179156959056854,1.0,0.2379874736070633,1.0
275,четвертый_ADJ,0.00014018259308147446,0.3513699322938919,1.0,0.21887752413749695,1.0
276,всемирный_ADJ,3.959553252967915e-05,0.18759965896606445,1.0,0.2341407686471939,1.0
277,левый_ADJ,0.0001793137381318983,0.2718563377857208,1.0,0.2446119785308838,1.0
278,небольшой_ADJ,0.0003210540552359193,0.24993810057640076,1.0,0.17974312603473663,1.0
279,армейский_ADJ,3.278396981908589e-05,0.2589985281229019,1.0,0.24119549989700317,1.0
280,массовый_ADJ,0.0001034531533942035,0.18009215593338013,1.0,0.2760951966047287,1.0
281,федеральный_ADJ,0.00011945656951713674,0.26626521348953247,1.0,0.33661625534296036,0.3333333333333333
282,верхний_ADJ,0.0001222352572042727,0.1982048898935318,1.0,0.2487584799528122,0.3333333333333333
283,мертвый_ADJ,0.00013507134412127613,0.2770339548587799,0.3333333333333333,0.31310033798217773,1.0
284,студенческий_ADJ,3.905835996084128e-05,0.26901382207870483,1.0,0.22314919531345367,0.3333333333333333
285,кровавый_ADJ,4.037678048120472e-05,0.19238059222698212,1.0,0.2086888551712036,1.0
286,наибольший_ADJ,3.8730620952564165e-05,0.19174988567829132,1.0,0.16807498037815094,0.3333333333333333
287,американский_ADJ,0.00023642893997264243,0.22764331102371216,1.0,0.26663145422935486,1.0
288,детский_ADJ,0.0002471124099937566,0.373574361205101,1.0,0.30994337797164917,-0.3333333333333333
289,олимпийский_ADJ,2.7233036874136192e-05,0.2681363672018051,1.0,0.28038302063941956,1.0
290,равный_ADJ,0.0004243776614517838,0.2976531982421875,1.0,0.27804338932037354,-0.3333333333333333
291,прежний_ADJ,0.00016191833823250254,0.2970267981290817,1.0,0.20374317467212677,1.0
292,земной_ADJ,0.0001363399389813494,0.20829564332962036,1.0,0.3034350126981735,1.0
293,дневной_ADJ,3.084809052952368e-05,0.3085799068212509,1.0,0.2578205019235611,0.3333333333333333
294,невысокий_ADJ,3.536075579637565e-05,0.19020333886146545,0.3333333333333333,0.1809249222278595,1.0
295,пищевой_ADJ,2.5428445568463874e-05,0.1957569271326065,1.0,0.25081372261047363,0.3333333333333333
296,принятый_ADJ,3.4562378380881646e-05,0.2592639625072479,0.3333333333333333,0.23620358109474182,0.3333333333333333
297,существенный_ADJ,7.179796651881604e-05,0.16870535910129547,1.0,0.16041071712970734,1.0
298,меньший_ADJ,7.571413831602176e-05,0.3096763789653778,0.3333333333333333,0.22000670433044434,1.0
299,дальнейший_ADJ,0.00016021504037944746,0.18086515367031097,1.0,0.22187864780426025,1.0
300,финансовый_ADJ,9.631690750168243e-05,0.20373080670833588,1.0,0.2582896202802658,1.0
301,пыльный_ADJ,3.141578708019143e-05,0.10525500774383545,0.3333333333333333,0.19293449819087982,1.0
302,должностной_ADJ,2.350516703814776e-05,0.2607174217700958,0.3333333333333333,0.19953380525112152,0.3333333333333333
303,королевский_ADJ,3.3447509857946193e-05,0.23289714753627777,1.0,0.34996822476387024,0.3333333333333333
304,нынешний_ADJ,0.00015529367413023967,0.21355657279491425,1.0,0.26626428961753845,1.0
305,октябрьский_ADJ,3.272825329915099e-05,0.23165521025657654,1.0,0.27363675832748413,1.0
306,должен_ADJ,0.0014832206128180402,0.193024143576622,1.0,0.17750191688537598,1.0
307,авторский_ADJ,3.651325318050466e-05,0.20012490451335907,0.3333333333333333,0.29322297871112823,1.0
308,юный_ADJ,9.541940981218067e-05,0.2386542409658432,0.3333333333333333,0.2287285029888153,0.3333333333333333
309,региональный_ADJ,4.838425890497809e-05,0.22478586435317993,1.0,0.332856222987175,1.0
310,усталый_ADJ,3.888999937987934e-05,0.16710466146469116,0.3333333333333333,0.17899101972579956,0.3333333333333333
311,французский_ADJ,0.00016475176217503504,0.22846461832523346,1.0,0.23458048701286316,1.0
312,ракетный_ADJ,2.4017730712079207e-05,0.20637968182563782,0.3333333333333333,0.23423074185848236,0.3333333333333333
313,намерен_ADJ,3.6216678448754364e-05,0.2248157113790512,1.0,0.25954028964042664,0.3333333333333333
314,нижний_ADJ,0.00011499252543810383,0.22612150013446808,1.0,0.24406872689723969,1.0
315,неизвестный_ADJ,0.0001791929659343319,0.3692438304424286,1.0,0.21875225007534027,0.3333333333333333
316,немногие_ADJ,3.9884893573925065e-05,0.22944888472557068,1.0,0.23453688621520996,1.0
317,теоретический_ADJ,6.173169370557204e-05,0.1718437373638153,1.0,0.18153665959835052,1.0
318,грузинский_ADJ,3.4131525153851004e-05,0.23325031995773315,1.0,0.28849150240421295,1.0
319,последующий_ADJ,7.588662483553539e-05,0.18624071776866913,1.0,0.18816177546977997,1.0
320,смертный_ADJ,4.482781621589241e-05,0.26661375164985657,1.0,0.357554093003273,0.3333333333333333
321,сегодняшний_ADJ,0.00010404394107790547,0.1861412227153778,1.0,0.23684442043304443,0.3333333333333333
322,архитектурный_ADJ,2.2855193160250023e-05,0.1804961860179901,1.0,0.20200984179973602,1.0
323,2-й_ADJ,2.8772482546496537e-05,0.20985053479671478,1.0,0.2101304680109024,1.0
324,хорошо_ADJ,0.0001434029897651488,0.3159157633781433,1.0,0.21326947212219238,0.3333333333333333
325,заводской_ADJ,3.081277918718201e-05,0.22552627325057983,1.0,0.2723345160484314,1.0
326,торговый_ADJ,5.971882954050553e-05,0.24269872903823853,0.3333333333333333,0.2995409369468689,1.0
327,шестой_ADJ,6.393957718617392e-05,0.33204180002212524,1.0,0.20675984025001526,1.0
328,бывший_ADJ,0.000260006800427221,0.22062870860099792,1.0,0.27992764115333557,1.0
329,желтый_ADJ,0.00013167151269884253,0.09756016731262207,0.3333333333333333,0.23490437865257263,1.0
330,революционный_ADJ,7.215228424310155e-05,0.1703462451696396,1.0,0.22940991818904877,1.0
331,космический_ADJ,0.00011539643955545738,0.2328389286994934,1.0,0.2926570773124695,1.0
332,частый_ADJ,3.210968831495886e-05,0.28249292075634,0.3333333333333333,0.2202468365430832,0.3333333333333333
333,национальный_ADJ,0.00018043063948974765,0.1873587816953659,1.0,0.2870777100324631,1.0
334,самарский_ADJ,1.534730627453316e-05,0.314367339015007,1.0,0.4087279587984085,0.3333333333333333
335,следующий_ADJ,0.00041635914908358287,0.27680425345897675,1.0,0.18835294246673584,1.0
336,крупный_ADJ,0.0003540322264045214,0.28764835000038147,1.0,0.2300756424665451,1.0
337,маленький_ADJ,0.000563196406644715,0.23351088166236877,0.3333333333333333,0.21823225915431976,1.0
338,прозрачный_ADJ,7.61596157334694e-05,0.13929691910743713,1.0,0.18212240934371948,1.0
339,мокрый_ADJ,9.950487936594974e-05,0.08944010734558105,1.0,0.187847301363945,1.0
340,условный_ADJ,3.368717196556485e-05,0.22878701984882355,1.0,0.3009098619222641,0.3333333333333333
341,короткий_ADJ,0.00020705652180610275,0.3165941387414932,1.0,0.21410337090492249,1.0
342,турецкий_ADJ,2.8529196888566778e-05,0.23757322132587433,1.0,0.31007516384124756,0.3333333333333333
343,быстрый_ADJ,9.018539811164008e-05,0.2544816583395004,1.0,0.22907403111457825,-0.3333333333333333
344,восьмой_ADJ,4.580133680834126e-05,0.29032041132450104,1.0,0.19229350984096527,1.0
345,автоматический_ADJ,3.1458143415442e-05,0.20014144480228424,1.0,0.23014616966247559,1.0
346,дальний_ADJ,0.00012605851767680053,0.3077489584684372,1.0,0.2801481932401657,1.0
347,сам_ADJ,0.002562393171377174,0.25153130292892456,0.3333333333333333,0.21910659968852997,1.0
348,недавний_ADJ,5.6801080920182725e-05,0.3075942397117615,1.0,0.23434829711914062,1.0
349,творческий_ADJ,0.0001325627333798898,0.1613374799489975,1.0,0.22552041709423065,1.0
350,программный_ADJ,1.908558700225222e-05,0.22668443620204926,0.3333333333333333,0.3351339101791382,1.0
351,1-й_ADJ,2.5826064462750692e-05,0.22519156336784363,1.0,0.2479339838027954,1.0
352,польский_ADJ,5.425886498797212e-05,0.2500097304582596,1.0,0.26841138303279877,0.3333333333333333
353,взаимный_ADJ,4.7113063041794476e-05,0.1939631849527359,1.0,0.19546917080879211,0.3333333333333333
354,небесный_ADJ,6.947412685373275e-05,0.2459029257297516,1.0,0.2984725683927536,0.3333333333333333
355,функциональный_ADJ,1.955604550884746e-05,0.18123777210712433,1.0,0.22057968378067017,1.0
356,годовой_ADJ,2.4873914906845505e-05,0.22930409014225006,1.0,0.20704901218414307,1.0
357,обыкновенный_ADJ,7.684254409825031e-05,0.30290015041828156,0.3333333333333333,0.2587495297193527,1.0
358,сельскохозяйственный_ADJ,3.8640666771654365e-05,0.20703093707561493,1.0,0.21144694089889526,1.0
359,девятый_ADJ,4.2386710217847244e-05,0.2823003828525543,0.3333333333333333,0.18611958622932434,1.0
360,соответствующий_ADJ,0.00011544595807452799,0.19019456207752228,1.0,0.18802984058856964,1.0
361,нефтяной_ADJ,3.2208493511909806e-05,0.21838316321372986,1.0,0.2851230502128601,1.0
362,неожиданный_ADJ,0.00011148292935425192,0.2378874570131302,0.3333333333333333,0.1715184450149536,0.3333333333333333
363,цветной_ADJ,6.939121599139849e-05,0.1625666469335556,1.0,0.2689252346754074,1.0
364,задний_ADJ,9.821325326257251e-05,0.2214662879705429,1.0,0.2942851483821869,0.3333333333333333
365,временный_ADJ,7.458231808425398e-05,0.18234765529632568,1.0,0.3358467221260071,0.3333333333333333
366,синтетический_ADJ,3.6748901188806286e-05,0.18193918466567993,1.0,0.225385382771492,0.3333333333333333
367,голубой_ADJ,0.00013133318648715338,0.12678737938404083,1.0,0.29613572359085083,0.3333333333333333
368,организационный_ADJ,2.548264540471871e-05,0.1764918863773346,1.0,0.19546303153038025,1.0
369,ведущий_ADJ,4.836839421988043e-05,0.23681429028511047,0.3333333333333333,0.22542878985404968,0.3333333333333333
370,петербургский_ADJ,3.731983728442874e-05,0.22407899796962738,0.3333333333333333,0.2835024446249008,0.3333333333333333
371,воздушный_ADJ,9.275608328763115e-05,0.2222760021686554,1.0,0.34610360860824585,1.0
372,пожилой_ADJ,7.628251902666923e-05,0.21012593805789948,1.0,0.19191677868366241,1.0
373,собственный_ADJ,0.00047010816870628484,0.24079005420207977,1.0,0.23736009001731873,0.3333333333333333
374,личный_ADJ,0.00023944861115462353,0.1749924123287201,1.0,0.2608749717473984,0.3333333333333333
375,вечерний_ADJ,6.337866737820241e-05,0.24675707519054413,1.0,0.22459980845451355,0.3333333333333333
376,потенциальный_ADJ,2.9517315556188475e-05,0.2132302075624466,1.0,0.27735435962677,1.0
377,философский_ADJ,6.21475683118289e-05,0.1688329577445984,1.0,0.24275650084018707,1.0
378,шумный_ADJ,3.936318420733817e-05,0.270112007856369,0.3333333333333333,0.20522943139076233,1.0
379,медный_ADJ,5.096287308866491e-05,0.11368519067764282,1.0,0.29119856655597687,1.0
380,автомобильный_ADJ,3.904252289643535e-05,0.23005901277065277,0.3333333333333333,0.2868146300315857,1.0
381,седьмой_ADJ,6.285925586853472e-05,0.32101719081401825,1.0,0.21489477157592773,1.0
382,парижский_ADJ,3.3975313985544466e-05,0.22531138360500336,1.0,0.26045331358909607,1.0
383,горный_ADJ,9.510993394381661e-05,0.2274654060602188,1.0,0.3360260874032974,1.0
384,осенний_ADJ,4.545151606857424e-05,0.15687155723571777,1.0,0.17203378677368164,1.0
385,развитый_ADJ,2.536914075303421e-05,0.20360061526298523,1.0,0.1708795130252838,1.0
386,верховный_ADJ,6.749819046697141e-05,0.24129176139831543,1.0,0.27612200379371643,1.0
387,таковой_ADJ,5.378383736734443e-05,0.15032942593097687,1.0,0.24645701050758362,0.3333333333333333
388,новый_ADJ,0.0018122685134316103,0.22940576076507568,1.0,0.1343929022550583,1.0
389,долгий_ADJ,0.00018355198907459122,0.34896089136600494,1.0,0.17576587200164795,1.0
390,главный_ADJ,0.0006216656481205594,0.22100116312503815,1.0,0.20231392979621887,1.0
391,большой_ADJ,0.001465879859790192,0.3282134532928467,1.0,0.14306263625621796,0.3333333333333333
392,кривой_ADJ,3.0305114283875568e-05,0.1374884694814682,0.3333333333333333,0.3244282454252243,0.3333333333333333
393,фундаментальный_ADJ,2.6082061718608104e-05,0.16773028671741486,1.0,0.20024454593658447,1.0
394,невероятный_ADJ,6.109305888548216e-05,0.2482941746711731,1.0,0.19475623965263367,-0.3333333333333333
395,международный_ADJ,0.00018758970265848247,0.1846720427274704,1.0,0.2698155790567398,0.3333333333333333
396,силовой_ADJ,2.6487232496713206e-05,0.2387220561504364,1.0,0.2944786101579666,1.0
397,технологический_ADJ,5.300429178684981e-05,0.1866144835948944,1.0,0.23101510107517242,1.0
398,90-й_ADJ,1.788222431592916e-05,0.3401746265590191,1.0,0.1982305943965912,0.3333333333333333
399,идеологический_ADJ,4.0135766326076266e-05,0.16771839559078217,1.0,0.23465189337730408,1.0
400,полевой_ADJ,4.073090141105725e-05,0.2304159551858902,1.0,0.322389617562294,1.0
401,морской_ADJ,0.0001703180238049608,0.2391117364168167,1.0,0.30009016394615173,0.3333333333333333
402,редкий_ADJ,0.0001236070033335665,0.2607277035713196,1.0,0.23627056181430817,1.0
403,рабочий_ADJ,0.00020660095098102245,0.2575875371694565,1.0,0.24776363372802734,1.0
404,красный_ADJ,0.0004476508554183848,0.1775926947593689,1.0,0.32093991339206696,0.3333333333333333
405,одинокий_ADJ,8.344350141193267e-05,0.23866428434848785,0.3333333333333333,0.27036216855049133,0.3333333333333333
406,подземный_ADJ,5.312717184633039e-05,0.19884797930717468,1.0,0.2825235575437546,0.3333333333333333
407,контрольный_ADJ,2.904336747017974e-05,0.2422814518213272,1.0,0.303121879696846,0.3333333333333333
408,высший_ADJ,0.00020949799256907538,0.19046533107757568,1.0,0.23989666998386383,1.0
409,вынужденный_ADJ,3.59735762202959e-05,0.24658453464508057,1.0,0.26125165820121765,0.3333333333333333
410,коренной_ADJ,3.46516999667582e-05,0.20464709401130676,1.0,0.29536935687065125,1.0
411,комплексный_ADJ,2.926668385080725e-05,0.19175894558429718,0.3333333333333333,0.22295668721199036,0.3333333333333333
412,материальный_ADJ,9.036754194007577e-05,0.17951500415802002,1.0,0.2320043295621872,1.0
413,боковой_ADJ,3.711412463794929e-05,0.15979427099227905,1.0,0.2313292920589447,1.0
414,либеральный_ADJ,2.2568747643039314e-05,0.186904639005661,1.0,0.2532708942890167,0.3333333333333333
415,жидкий_ADJ,4.900641708703216e-05,0.13118082284927368,0.3333333333333333,0.2255394607782364,0.3333333333333333
416,классический_ADJ,7.837614487659234e-05,0.1877492219209671,1.0,0.2461799532175064,0.3333333333333333
417,какой-то_ADJ,0.0012823679131111622,0.3619862049818039,1.0,0.16046427190303802,0.3333333333333333
418,свойственный_ADJ,4.904658944696466e-05,0.14826548099517822,1.0,0.19658733904361725,0.3333333333333333
419,трудовой_ADJ,8.158252897727723e-05,0.2431311458349228,1.0,0.2852625846862793,1.0
420,информационный_ADJ,7.303199749415822e-05,0.21497538685798645,1.0,0.3012865334749222,1.0
421,испанский_ADJ,3.139884230656045e-05,0.2280084490776062,0.3333333333333333,0.2558087557554245,0.3333333333333333
422,тогдашний_ADJ,4.716802924678351e-05,0.19154506921768188,1.0,0.30940061807632446,1.0
423,органический_ADJ,5.5696926335086244e-05,0.15608251094818115,1.0,0.22094909846782684,0.3333333333333333
424,пушкинский_ADJ,3.431239197513351e-05,0.23719936609268188,1.0,0.2778906524181366,1.0
425,базовый_ADJ,1.888604505602693e-05,0.258136048913002,1.0,0.41932110488414764,1.0
426,инженерный_ADJ,2.5089362904115572e-05,0.19663462042808533,1.0,0.21799145638942719,0.3333333333333333
427,научный_ADJ,0.00028220322167660814,0.16438394784927368,1.0,0.26625514030456543,0.3333333333333333
428,европейский_ADJ,0.00010190084019048886,0.20883986353874207,1.0,0.2649639695882797,0.3333333333333333
429,художественный_ADJ,0.00015366655551833636,0.17000111937522888,1.0,0.2610662132501602,1.0
430,военный_ADJ,0.0004165656863385,0.21608614921569824,1.0,0.3060653805732727,1.0
431,правительственный_ADJ,3.062103226653145e-05,0.22354286909103394,1.0,0.2874930053949356,1.0
432,больший_ADJ,0.00020267761750205612,0.25922824442386627,1.0,0.16983094811439514,1.0
433,отечественный_ADJ,0.00011097381959455014,0.23625999689102173,1.0,0.2662993371486664,1.0
434,мучительный_ADJ,4.054131745971906e-05,0.20979106426239014,1.0,0.18050406873226166,0.3333333333333333
435,необычный_ADJ,7.361372456457797e-05,0.24586676061153412,1.0,0.2083858996629715,1.0
436,распространенный_ADJ,2.741475414703656e-05,0.2205234169960022,1.0,0.17104819416999817,1.0
437,страховой_ADJ,2.4227667400654453e-05,0.2759697586297989,0.3333333333333333,0.3552922010421753,0.3333333333333333
438,земельный_ADJ,2.624859706752517e-05,0.23056048154830933,1.0,0.2713518440723419,1.0
439,парадный_ADJ,3.0035151586999747e-05,0.1916060894727707,1.0,0.22683535516262054,1.0
440,обязанный_ADJ,8.12052554912477e-05,0.17234735190868378,1.0,0.24086175858974457,1.0
441,служебный_ADJ,5.5468736510221895e-05,0.261484295129776,1.0,0.2733522802591324,1.0
442,солдатский_ADJ,4.007988412987769e-05,0.194898322224617,1.0,0.25394605100154877,0.3333333333333333
443,генетический_ADJ,2.4703704038904016e-05,0.19575504958629608,1.0,0.24862714111804962,1.0
444,черный_ADJ,0.0005998264311600561,0.1454337239265442,0.3333333333333333,0.27442528307437897,1.0
445,спортивный_ADJ,8.707747783428799e-05,0.2667063921689987,1.0,0.2788882851600647,1.0
446,первый_ADJ,0.002095904290788464,0.26427337527275085,0.3333333333333333,0.12936417758464813,1.0
447,лунный_ADJ,3.2552875621520775e-05,0.1598464846611023,1.0,0.22547122836112976,0.3333333333333333
448,дежурный_ADJ,5.124759585510352e-05,0.216359481215477,1.0,0.21726803481578827,1.0
449,многолетний_ADJ,2.881790130950578e-05,0.24334736168384552,1.0,0.23304149508476257,1.0
450,самый_ADJ,0.0023033525076669534,0.28358475863933563,0.3333333333333333,0.13795582950115204,0.3333333333333333
451,пятый_ADJ,0.00010451032735657643,0.32547250390052795,1.0,0.2253500521183014,1.0
452,стратегический_ADJ,3.593650179101377e-05,0.2074756920337677,1.0,0.25887010991573334,1.0
453,еврейский_ADJ,6.11385967583264e-05,0.2113470733165741,1.0,0.2949891537427902,1.0
454,крестьянский_ADJ,3.8528069590030876e-05,0.24820934236049652,1.0,0.2621919959783554,1.0
455,снежный_ADJ,5.29808563595704e-05,0.1295275241136551,1.0,0.280357763171196,0.3333333333333333
456,способный_ADJ,0.0002263963591802154,0.18934495747089386,1.0,0.1878606677055359,0.3333333333333333
457,статистический_ADJ,2.7382101383772183e-05,0.19398637115955353,1.0,0.2534625232219696,1.0
458,уличный_ADJ,2.9031339650849828e-05,0.2328825742006302,1.0,0.26332707703113556,1.0
459,территориальный_ADJ,2.282048107082137e-05,0.23332199454307556,0.3333333333333333,0.3023867905139923,0.3333333333333333
460,генеральный_ADJ,8.085372698075445e-05,0.21882149577140808,1.0,0.3359933942556381,1.0
461,одинаковый_ADJ,8.205846344206942e-05,0.261396586894989,0.3333333333333333,0.20226961374282837,0.3333333333333333
462,стеклянный_ADJ,6.233362531784182e-05,0.11783087253570557,0.3333333333333333,0.2118328958749771,1.0
463,многочисленный_ADJ,9.523480721111164e-05,0.2442956119775772,1.0,0.2281445860862732,1.0
464,старинный_ADJ,8.8779287373743e-05,0.18618805706501007,1.0,0.18938972055912018,0.3333333333333333
465,благодарный_ADJ,4.10843871348422e-05,0.20386625826358795,1.0,0.2204584926366806,-0.3333333333333333
466,широкий_ADJ,0.00027144349710502626,0.2481817901134491,1.0,0.226215660572052,1.0
467,немалый_ADJ,4.629703317046443e-05,0.25561292469501495,1.0,0.16892173886299133,1.0
468,кредитный_ADJ,2.0495206023510365e-05,0.26551292836666107,1.0,0.3653015047311783,1.0
469,экспериментальный_ADJ,4.340190965481696e-05,0.18698012828826904,1.0,0.23955652117729187,1.0
470,квадратный_ADJ,5.8043871117388496e-05,0.17319947481155396,1.0,0.22472651302814484,1.0
471,милицейский_ADJ,2.5260638183448194e-05,0.2399163544178009,1.0,0.3019454777240753,1.0
472,языковой_ADJ,2.5742690426552415e-05,0.1675921380519867,1.0,0.23541676998138428,1.0
473,медицинский_ADJ,0.00010579899024837397,0.21833083033561707,1.0,0.27391424775123596,0.3333333333333333
474,любой_ADJ,0.0005487860474897418,0.2140522003173828,1.0,0.1774122565984726,1.0
475,практический_ADJ,8.045170165227753e-05,0.17451518774032593,1.0,0.24816621840000153,1.0
476,определенный_ADJ,0.00017065915903394856,0.17778992652893066,1.0,0.166235089302063,1.0
477,молочный_ADJ,2.637918474204149e-05,0.14023682475090027,1.0,0.26146869361400604,1.0
478,автономный_ADJ,2.225271904942141e-05,0.21258242428302765,0.3333333333333333,0.26817718148231506,1.0
479,российский_ADJ,0.0004406283439117256,0.22687293589115143,1.0,0.35013335943222046,-0.3333333333333333
480,взрослый_ADJ,8.967006196875093e-05,0.28829537332057953,0.3333333333333333,0.26457086205482483,0.3333333333333333
481,товарный_ADJ,2.3662865676573297e-05,0.2537399232387543,1.0,0.3475078344345093,1.0
482,бытовой_ADJ,4.932766177223626e-05,0.20043787360191345,1.0,0.2547844499349594,1.0
483,первичный_ADJ,3.680036591286608e-05,0.17240379750728607,1.0,0.2478712499141693,1.0
484,магнитный_ADJ,5.573659803440186e-05,0.19558380544185638,1.0,0.2381177693605423,1.0
485,православный_ADJ,7.40473960385937e-05,0.19112370908260345,0.3333333333333333,0.26727478206157684,0.3333333333333333
486,давний_ADJ,5.4454107410145994e-05,0.2946404069662094,1.0,0.2070896476507187,0.3333333333333333
487,пенсионный_ADJ,2.1519963545619827e-05,0.3317326754331589,1.0,0.4209061712026596,0.3333333333333333
488,очевидный_ADJ,9.388173255197416e-05,0.15817266702651978,1.0,0.21446199715137482,1.0
489,первоначальный_ADJ,3.483712640470891e-05,0.1905805766582489,1.0,0.2502036392688751,1.0
490,официальный_ADJ,0.00010358869050603749,0.18049564957618713,1.0,0.26067882776260376,1.0
491,двадцатый_ADJ,4.260083877221489e-05,0.3066902905702591,1.0,0.17343027889728546,1.0
492,административный_ADJ,6.0353528298547984e-05,0.21191208064556122,1.0,0.2819167375564575,0.3333333333333333
493,электрический_ADJ,0.00010355321220634358,0.1829315423965454,0.3333333333333333,0.25357523560523987,0.3333333333333333
494,специальный_ADJ,0.00021122363822557747,0.19513732194900513,1.0,0.20521624386310577,1.0
495,младший_ADJ,0.00010463858862606256,0.23811277747154236,1.0,0.2407633364200592,1.0
496,остальной_ADJ,0.0003004360036998457,0.3578217923641205,0.3333333333333333,0.2872511148452759,1.0
497,технический_ADJ,0.00017233587115152288,0.1828087717294693,1.0,0.2978452295064926,0.3333333333333333
498,тепловой_ADJ,2.7455127212742274e-05,0.1778586208820343,1.0,0.22417281568050385,1.0
499,минувший_ADJ,2.465385620852677e-05,0.27309636771678925,1.0,0.19177721440792084,1.0
500,посторонний_ADJ,4.086810574165945e-05,0.3175220936536789,1.0,0.23476867377758026,1.0
501,подобный_ADJ,0.0003836801677715353,0.1690007746219635,1.0,0.23647551238536835,1.0
502,противоположный_ADJ,7.233078421924502e-05,0.2765030413866043,1.0,0.18520191311836243,1.0
503,грандиозный_ADJ,3.4904698343251055e-05,0.2222391963005066,1.0,0.20310083031654358,1.0
504,иностранный_ADJ,0.00012334413965530563,0.23921261727809906,1.0,0.2671767473220825,0.3333333333333333
505,северный_ADJ,0.0001336109313084047,0.22048912942409515,1.0,0.2818492501974106,0.3333333333333333
506,другой_ADJ,0.0030286199313920123,0.28822530806064606,0.3333333333333333,0.1398875117301941,1.0
507,транспортный_ADJ,5.1888361258904236e-05,0.21205420792102814,1.0,0.2765584737062454,1.0
508,экологический_ADJ,3.902770574198959e-05,0.23716190457344055,1.0,0.3377370163798332,1.0
509,киевский_ADJ,3.6117669131044416e-05,0.236164852976799,0.3333333333333333,0.33394190669059753,0.3333333333333333
510,столичный_ADJ,3.66135756259899e-05,0.2712108790874481,0.3333333333333333,0.28338825702667236,0.3333333333333333
511,крайний_ADJ,0.00015241128963235827,0.4207136332988739,1.0,0.25769349932670593,0.3333333333333333
512,латинский_ADJ,2.891661664491569e-05,0.2341204434633255,1.0,0.25319765508174896,1.0
513,рыжий_ADJ,6.793363383640337e-05,0.10153146088123322,1.0,0.25624172389507294,1.0
514,плохо_ADJ,3.423063450649359e-05,0.3160471022129059,1.0,0.2477702796459198,1.0
515,похожий_ADJ,0.0003555541056015616,0.22664210200309753,1.0,0.1872265487909317,1.0
516,ближний_ADJ,5.167461638932666e-05,0.3451814353466034,1.0,0.3475552052259445,0.3333333333333333
517,белый_ADJ,0.0006164489618975956,0.16264651715755463,1.0,0.2801293730735779,-0.3333333333333333
518,письменный_ADJ,6.145775173463383e-05,0.28652890026569366,1.0,0.2619312107563019,0.3333333333333333
519,газовый_ADJ,4.219820876514347e-05,0.19755402207374573,1.0,0.27694615721702576,1.0
520,юридический_ADJ,6.190936579892164e-05,0.18199102580547333,1.0,0.2466154843568802,0.3333333333333333
521,данный_ADJ,0.00020471674175849032,0.16671735048294067,1.0,0.19603712856769562,1.0
522,здешний_ADJ,3.712466432193043e-05,0.3093215078115463,1.0,0.29237599670886993,1.0
523,местный_ADJ,0.00022731183080702545,0.2685439884662628,1.0,0.2817313224077225,1.0
524,типичный_ADJ,4.207067029098133e-05,0.21688105165958405,1.0,0.23635253310203552,1.0
525,сибирский_ADJ,4.061062341133859e-05,0.22421663999557495,1.0,0.28336477279663086,0.3333333333333333
526,неизменный_ADJ,3.293153823423661e-05,0.2654581516981125,1.0,0.2343572974205017,1.0
527,праздничный_ADJ,4.16965760854431e-05,0.276782363653183,0.3333333333333333,0.1932600736618042,1.0
528,светский_ADJ,2.967431410793198e-05,0.2012712061405182,1.0,0.2506261616945267,1.0
529,право_ADJ,3.586285989938449e-05,0.3473375141620636,1.0,0.27880461513996124,1.0
530,повседневный_ADJ,2.633818782249712e-05,0.2028013914823532,1.0,0.18610931932926178,1.0
531,рекламный_ADJ,3.319769762929806e-05,0.2771984338760376,0.3333333333333333,0.3297942727804184,0.3333333333333333
532,минеральный_ADJ,3.155993848471037e-05,0.1859346628189087,1.0,0.20010784268379211,0.3333333333333333
