,WORD,frequency,mean_dist_jaccard,sum_deltas_jaccard,mean_dist_globalanchors,sum_deltas_globalanchors,mean_dist_procrustes,sum_deltas_procrustes
0,rådgivende_ADJ,6.103114152086153e-05,0.7931839402427637,0.0,0.3387308865785599,0.3333333333333333,0.35600951313972473,-0.3333333333333333
1,vore_ADJ,1.5379902933466084e-05,0.7101558572146807,0.0,0.22530639171600342,0.3333333333333333,0.19249171018600464,0.3333333333333333
2,foregå_ADJ,6.826167438091917e-05,0.4844322344322345,0.6666666666666666,0.3148646205663681,1.0,0.2926856130361557,0.3333333333333333
3,verdifull_ADJ,6.746835573966946e-05,0.6307907778496014,0.0,0.2739885449409485,0.3333333333333333,0.2814807891845703,0.3333333333333333
4,atskillig_ADJ,4.5442136050911215e-05,0.5641025641025642,0.0,0.2636289447546005,1.0,0.28478242456912994,1.0
5,allmenn_ADJ,2.5220591196365035e-05,0.638888888888889,0.6666666666666666,0.33024783432483673,1.0,0.39066240191459656,1.0
6,løp_ADJ,4.429230636057387e-05,0.7222222222222223,0.3333333333333333,0.316968634724617,0.3333333333333333,0.41802358627319336,0.3333333333333333
7,passe_ADJ,3.0729849662211794e-05,0.7192460317460317,0.0,0.31152205169200897,0.3333333333333333,0.33493584394454956,-0.3333333333333333
8,bevisst_ADJ,5.9082561834378535e-05,0.6863463334051569,0.3333333333333333,0.275252103805542,0.3333333333333333,0.3117319792509079,1.0
9,kald_ADJ,2.1029733275998987e-05,0.7267156862745099,-0.3333333333333333,0.2104279100894928,0.3333333333333333,0.3310561329126358,0.3333333333333333
10,foreliggende_ADJ,1.8546642392415427e-05,0.6845238095238095,0.6666666666666666,0.3963525742292404,0.3333333333333333,0.2948969900608063,-0.3333333333333333
11,kostbar_ADJ,4.121546634481979e-05,0.5402930402930404,0.0,0.23230724036693573,1.0,0.2208944857120514,0.3333333333333333
12,beslekte_ADJ,1.7301339958049605e-05,0.7639914265301262,0.0,0.31822391599416733,1.0,0.29645389318466187,0.3333333333333333
13,antakelig_ADJ,7.74526778216547e-05,0.5128205128205129,0.3333333333333333,0.23985785245895386,0.3333333333333333,0.33575087785720825,1.0
14,gyldig_ADJ,3.7741878462033533e-05,0.8006535947712418,0.6666666666666666,0.2735939770936966,1.0,0.33703580498695374,0.3333333333333333
15,stige_ADJ,6.414957531654402e-05,0.48901098901098905,0.3333333333333333,0.2878617197275162,1.0,0.28099754452705383,0.3333333333333333
16,eksklusiv_ADJ,4.1571842514133165e-05,0.674908424908425,0.0,0.3146703243255615,0.3333333333333333,0.4114038944244385,0.3333333333333333
17,umiddelbar_ADJ,8.554406778418471e-05,0.736842105263158,0.3333333333333333,0.24541008472442627,0.3333333333333333,0.3957499563694,0.3333333333333333
18,offisiell_ADJ,6.175189037207354e-05,0.9166666666666666,-0.3333333333333333,0.4034420773386955,0.3333333333333333,0.4392029196023941,0.3333333333333333
19,systematisk_ADJ,0.0001307879048322846,0.6471306471306472,0.3333333333333333,0.2629195898771286,1.0,0.33170051872730255,1.0
20,regulere_ADJ,4.892878513433835e-05,0.7760577915376679,0.0,0.31225045025348663,0.3333333333333333,0.3994802087545395,0.3333333333333333
21,foreløpig_ADJ,0.00017735423589061212,0.647130647130647,0.3333333333333333,0.31835146248340607,1.0,0.3837280571460724,1.0
22,tung_ADJ,8.756183756488724e-05,0.7546992481203008,0.3333333333333333,0.24819573760032654,1.0,0.39610227942466736,1.0
23,kvantitativ_ADJ,3.7178454445192064e-05,0.8871689026487788,0.0,0.29579369723796844,1.0,0.41378313302993774,0.3333333333333333
24,annerledes_ADJ,4.9183194341584336e-05,0.7379336349924586,-0.3333333333333333,0.28981059044599533,0.3333333333333333,0.2968635708093643,0.3333333333333333
25,ansatt_ADJ,0.00041775066225148845,0.46212121212121215,0.6666666666666666,0.30241619050502777,0.3333333333333333,0.2978290021419525,-0.3333333333333333
26,frittstående_ADJ,3.078581757640706e-05,0.9003267973856209,0.0,0.3855038285255432,-0.3333333333333333,0.3424426466226578,1.0
27,vid_ADJ,0.0015609998743809077,0.48901098901098905,0.3333333333333333,0.26859429478645325,0.3333333333333333,0.19944775104522705,1.0
28,motsatt_ADJ,5.264026183333671e-05,0.7678571428571428,0.0,0.3035736307501793,-0.3333333333333333,0.3622247129678726,0.3333333333333333
29,gt_ADJ,0.00030748388281740186,0.46153846153846156,0.3333333333333333,0.28510692715644836,1.0,0.4076138138771057,1.0
30,utføre_ADJ,2.986786321229173e-05,0.5474574445162681,-0.3333333333333333,0.3462621867656708,0.3333333333333333,0.3361099511384964,-0.3333333333333333
31,dyp_ADJ,5.00527681727138e-05,0.9017887856897144,0.0,0.22755399346351624,1.0,0.33988597989082336,-0.3333333333333333
32,stadig_ADJ,0.00027328064964184226,0.6754336349924586,0.3333333333333333,0.2700730115175247,1.0,0.22383755445480347,1.0
33,europeisk_ADJ,0.00020379590304251332,0.5915750915750916,0.3333333333333333,0.42363088577985764,-0.3333333333333333,0.36961548030376434,0.3333333333333333
34,fleire_ADJ,2.465176290373114e-05,0.7576754385964912,0.3333333333333333,0.25436392426490784,-0.3333333333333333,0.20215873420238495,0.3333333333333333
35,någjeldende_ADJ,3.582178491942589e-05,0.8214869281045751,0.3333333333333333,0.32390230149030685,1.0,0.29663291573524475,0.3333333333333333
36,skriftlig_ADJ,0.0001517956610668572,0.872549019607843,0.3333333333333333,0.2853369414806366,0.3333333333333333,0.35271136462688446,0.3333333333333333
37,tilstrekkelige_ADJ,3.4901254859565706e-05,0.5795087265675501,0.0,0.2984935790300369,1.0,0.2683059722185135,0.3333333333333333
38,konvensjonell_ADJ,2.7241064302124855e-05,0.9111842105263158,0.0,0.24939842522144318,0.3333333333333333,0.3982502669095993,1.0
39,sammensatt_ADJ,5.167468923907539e-05,0.5876068376068376,0.0,0.30175402015447617,1.0,0.34533368051052094,0.3333333333333333
40,særlige_ADJ,0.00018218398562087017,0.5958485958485958,0.0,0.270195871591568,1.0,0.2563958019018173,1.0
41,kristen_ADJ,2.8246440443400837e-05,0.6845238095238095,0.6666666666666666,0.2893494665622711,1.0,0.31589938700199127,0.3333333333333333
42,gjensidig_ADJ,6.164040273468871e-05,0.7638888888888888,0.0,0.29422424733638763,1.0,0.38706082105636597,0.3333333333333333
43,relativ_ADJ,0.0005386624254743047,0.39962121212121215,-0.6666666666666666,0.2359527349472046,0.3333333333333333,0.23977753520011902,1.0
44,rå_ADJ,1.4528037784888759e-05,0.9111842105263158,0.3333333333333333,0.18416962027549744,1.0,0.2875734120607376,0.3333333333333333
45,aktiv_ADJ,0.00028111640985675746,0.7029061624649859,0.3333333333333333,0.2914077937602997,0.3333333333333333,0.30786624550819397,1.0
46,beliggende_ADJ,1.3738073875037242e-05,0.9003267973856209,0.0,0.2587876170873642,1.0,0.3023001104593277,-0.3333333333333333
47,sig_ADJ,0.00013960510756697193,0.7421218487394958,0.6666666666666666,0.22326944768428802,1.0,0.30967701971530914,-0.3333333333333333
48,vere_ADJ,5.651085049536142e-05,0.7309891905480141,0.0,0.2831984907388687,1.0,0.2543666660785675,0.3333333333333333
49,venstre_ADJ,1.787762495928292e-05,0.7291666666666667,0.0,0.2026505470275879,0.3333333333333333,0.274831160902977,0.3333333333333333
50,spredt_ADJ,2.6982519636912696e-05,0.7914639540026536,0.0,0.26739630103111267,0.3333333333333333,0.35344336926937103,-0.3333333333333333
51,gal_ADJ,2.155607953386003e-05,0.6236263736263736,-0.3333333333333333,0.25366541743278503,1.0,0.2857498824596405,0.3333333333333333
52,svensk_ADJ,0.0001643401675511544,0.25757575757575757,0.3333333333333333,0.3223828226327896,1.0,0.31390199065208435,0.3333333333333333
53,ende_ADJ,2.3697508265120265e-05,0.9149466804265565,0.0,0.3989308699965477,-0.3333333333333333,0.43554533272981644,-0.3333333333333333
54,gjennomføre_ADJ,3.355701355994301e-05,0.36672151378033724,0.0,0.31733188033103943,1.0,0.3421875089406967,0.3333333333333333
55,representativ_ADJ,4.999086672390336e-05,0.7822712418300652,0.3333333333333333,0.31483569741249084,0.3333333333333333,0.34211042523384094,0.3333333333333333
56,nordre_ADJ,3.6037370774367156e-05,0.5595238095238095,0.3333333333333333,0.21472956240177155,0.3333333333333333,0.2728523463010788,0.3333333333333333
57,lav_ADJ,0.0008233285071433668,0.5803571428571428,0.6666666666666666,0.20843741297721863,1.0,0.18565060198307037,0.3333333333333333
58,sen_ADJ,0.0007549651619331388,0.387029637029637,-0.3333333333333333,0.30205199867486954,-0.3333333333333333,0.23908396065235138,-0.3333333333333333
59,innenlandsk_ADJ,6.1434141193903e-05,0.9181286549707602,0.0,0.31065060943365097,0.3333333333333333,0.322488009929657,0.3333333333333333
60,rasjonell_ADJ,9.011655865442257e-05,0.5164835164835164,1.0,0.2721574753522873,1.0,0.2674623131752014,0.3333333333333333
61,seive_ADJ,1.8698564443043123e-05,0.7659313725490196,0.0,0.2886850982904434,0.3333333333333333,0.42954638600349426,1.0
62,pliktig_ADJ,2.4552855244035003e-05,0.6582633053221288,0.3333333333333333,0.28729279339313507,1.0,0.3326254040002823,1.0
63,nødvendig_ADJ,0.0011459960908104235,0.4294871794871795,0.0,0.2450702041387558,0.3333333333333333,0.18116171658039093,1.0
64,grunnleggende_ADJ,0.00016386124619502824,0.7768440709617179,0.6666666666666666,0.26502663642168045,1.0,0.3139548748731613,1.0
65,kreve_ADJ,3.9016295077920615e-05,0.5363247863247864,-0.3333333333333333,0.30243465304374695,1.0,0.301032230257988,1.0
66,stabil_ADJ,7.301953544658207e-05,0.4722222222222223,0.0,0.2638349235057831,0.3333333333333333,0.27180418372154236,1.0
67,fylkeskommunal_ADJ,0.00011627359915294384,0.42126623376623373,0.3333333333333333,0.3482360914349556,0.3333333333333333,0.40859197080135345,0.3333333333333333
68,geografisk_ADJ,0.00018838936361806363,0.6790966386554622,0.3333333333333333,0.3005099445581436,0.3333333333333333,0.3666181266307831,-0.3333333333333333
69,framtidig_ADJ,0.00013808529904946968,0.5363247863247864,-0.3333333333333333,0.2699943855404854,0.3333333333333333,0.35433314740657806,0.3333333333333333
70,fransk_ADJ,2.9757084814530013e-05,0.3653846153846154,0.0,0.36254486441612244,0.3333333333333333,0.30255453288555145,0.3333333333333333
71,skjematisk_ADJ,1.5331285346906984e-05,0.7267156862745099,0.3333333333333333,0.35635656863451004,1.0,0.31394487619400024,-0.3333333333333333
72,total_ADJ,0.0004809128978487176,0.6746031746031746,0.0,0.23906303942203522,0.3333333333333333,0.2554085850715637,0.3333333333333333
73,andre_ADJ,8.798321232341452e-05,0.5463659147869675,0.0,0.30059952288866043,0.3333333333333333,0.40007728338241577,0.3333333333333333
74,kommunal_ADJ,0.0004969319424407963,0.4500548471136706,0.0,0.3198324292898178,1.0,0.3832855075597763,0.3333333333333333
75,dårlig_ADJ,0.00024671351814425333,0.5290750915750916,-0.3333333333333333,0.237227663397789,1.0,0.27801431715488434,0.3333333333333333
76,nevne_ADJ,8.557827377065144e-05,0.2896270396270396,-0.3333333333333333,0.22584211826324463,1.0,0.32487839460372925,-0.3333333333333333
77,engasjere_ADJ,3.662484521974498e-05,0.6433823529411764,0.6666666666666666,0.3273300901055336,0.3333333333333333,0.25305698812007904,0.3333333333333333
78,samisk_ADJ,0.0002991271667805841,0.6700064641241112,0.6666666666666666,0.4485223814845085,1.0,0.5094828307628632,1.0
79,statlig_ADJ,0.00046770898531863934,0.6471306471306472,0.3333333333333333,0.296047680079937,1.0,0.357554093003273,0.3333333333333333
80,tynn_ADJ,1.8899085601231022e-05,0.8214869281045751,0.3333333333333333,0.21779578924179077,0.3333333333333333,0.28094884753227234,0.3333333333333333
81,frivillig_ADJ,0.0001875144541886749,0.7638888888888888,0.3333333333333333,0.30130913853645325,1.0,0.44877322018146515,1.0
82,ny_ADJ,0.0023878245313827848,0.5749299719887955,0.0,0.24258674681186676,1.0,0.22005923092365265,1.0
83,administrativ_ADJ,0.0003599121640655306,0.5611263736263736,0.6666666666666666,0.2915707305073738,0.3333333333333333,0.3365093767642975,0.3333333333333333
84,pen_ADJ,1.0458460528805287e-05,0.9427244582043344,0.0,0.21887308359146118,0.3333333333333333,0.37325163185596466,0.3333333333333333
85,ventelig_ADJ,1.348908840754465e-05,0.6057692307692308,0.0,0.35515146702528,0.3333333333333333,0.4205983132123947,1.0
86,opptatt_ADJ,8.737294467048623e-05,0.693815987933635,0.3333333333333333,0.2563590556383133,0.3333333333333333,0.34837059676647186,0.3333333333333333
87,femte_ADJ,5.304500009851293e-05,0.48076923076923084,0.3333333333333333,0.41121702641248703,0.3333333333333333,0.3448505252599716,-0.3333333333333333
88,gratis_ADJ,3.910662672047055e-05,0.8839869281045751,0.0,0.3361496701836586,0.3333333333333333,0.36865973472595215,0.3333333333333333
89,nedre_ADJ,2.7085791882476837e-05,0.6754336349924586,0.3333333333333333,0.2676093131303787,0.3333333333333333,0.26144595444202423,0.3333333333333333
90,spesialisere_ADJ,3.758238518091402e-05,0.7659313725490196,0.3333333333333333,0.31158024817705154,-0.3333333333333333,0.2840639352798462,0.3333333333333333
91,kvalifisere_ADJ,8.696873758537441e-05,0.6359126984126984,0.0,0.3198271840810776,1.0,0.29819007217884064,1.0
92,diskriminere_ADJ,1.6705353979688934e-05,0.8361068111455108,0.0,0.3011067286133766,1.0,0.3594135642051697,0.3333333333333333
93,høg_ADJ,2.3072324480115437e-05,0.5677655677655677,0.6666666666666666,0.336866095662117,0.3333333333333333,0.2697811871767044,0.3333333333333333
94,ulik_ADJ,0.0013467137526487376,0.5641025641025641,0.3333333333333333,0.2540571689605713,0.3333333333333333,0.18570451438426971,1.0
95,foreligge_ADJ,5.563000799421878e-05,0.6362179487179488,0.3333333333333333,0.29128243774175644,1.0,0.32773180305957794,0.3333333333333333
96,ve_ADJ,2.700120044753162e-05,0.9590643274853801,0.6666666666666666,0.357868030667305,0.3333333333333333,0.37950900197029114,-0.3333333333333333
97,blå_ADJ,1.698867448402591e-05,0.6845238095238095,0.3333333333333333,0.23251555860042572,0.3333333333333333,0.40470224618911743,0.3333333333333333
98,etablert_ADJ,6.064965592611723e-05,0.4558823529411765,-0.3333333333333333,0.29591265320777893,-0.3333333333333333,0.3600691705942154,1.0
99,utenlandsk_ADJ,0.000252731741067377,0.5987394957983194,0.3333333333333333,0.3086871951818466,0.3333333333333333,0.35846276581287384,-0.3333333333333333
100,mange_ADJ,0.0032530886690919788,0.5128205128205129,0.3333333333333333,0.24396243691444397,1.0,0.1849357783794403,1.0
101,utvikle_ADJ,2.2940120565661005e-05,0.5849358974358976,0.3333333333333333,0.29991675168275833,-0.3333333333333333,0.3042175769805908,0.3333333333333333
102,registrere_ADJ,7.775971848302469e-05,0.72843874391862,0.0,0.3021458685398102,0.3333333333333333,0.4358633756637573,1.0
103,britisk_ADJ,4.004949999859426e-05,0.39160839160839167,0.6666666666666666,0.44418390840291977,0.3333333333333333,0.3568313270807266,-0.3333333333333333
104,regelmessig_ADJ,6.208795376524677e-05,0.5749299719887955,0.3333333333333333,0.27830441296100616,1.0,0.33405083417892456,0.3333333333333333
105,sakkyndig_ADJ,8.554012042737049e-05,0.7146493212669683,0.3333333333333333,0.3161614313721657,0.3333333333333333,0.3595702648162842,1.0
106,endre_ADJ,6.640560055310865e-05,0.6428571428571428,-0.3333333333333333,0.2589406669139862,1.0,0.30700528621673584,1.0
107,grå_ADJ,1.1626601648587259e-05,0.883406432748538,0.0,0.16032759845256805,0.3333333333333333,0.3071557879447937,0.3333333333333333
108,smal_ADJ,2.3894828009139123e-05,0.7522482677281439,0.6666666666666666,0.25886382162570953,1.0,0.2770495116710663,1.0
109,markert_ADJ,2.9744441920689223e-05,0.6233211233211233,-0.3333333333333333,0.2820967733860016,1.0,0.25885991752147675,0.3333333333333333
110,fortsette_ADJ,1.9716176767208834e-05,0.6307907778496014,0.0,0.2763204053044319,1.0,0.30795855820178986,1.0
111,prinsipiell_ADJ,0.00015359569175872595,0.8378267973856209,-0.3333333333333333,0.2882421314716339,-0.3333333333333333,0.29374241828918457,0.3333333333333333
112,samle_ADJ,0.0006193575479663825,0.612408424908425,0.3333333333333333,0.21445079147815704,1.0,0.2520102858543396,1.0
113,bruke_ADJ,2.2722785429742777e-05,0.5637973137973138,0.0,0.3259374499320984,-0.3333333333333333,0.3980771601200104,0.3333333333333333
114,godkjenne_ADJ,6.0984828333280627e-05,0.6307907778496014,0.0,0.28232407569885254,1.0,0.32646217942237854,0.3333333333333333
115,regional_ADJ,0.00041765799731926096,0.6104684788895316,0.3333333333333333,0.3351176530122757,-0.3333333333333333,0.41483569890260696,0.3333333333333333
116,verd_ADJ,2.673492877208341e-05,0.8169934640522876,0.3333333333333333,0.4073151424527168,0.3333333333333333,0.4101646691560745,0.3333333333333333
117,fremtidig_ADJ,0.00014377127679722753,0.547457444516268,0.0,0.2566860169172287,1.0,0.3327571898698807,0.3333333333333333
118,yrkesaktiv_ADJ,7.730102926673531e-05,0.736842105263158,0.3333333333333333,0.33456653356552124,0.3333333333333333,0.34791024029254913,-0.3333333333333333
119,tørr_ADJ,1.9149861250920644e-05,0.7683823529411764,0.6666666666666666,0.1743537336587906,1.0,0.25630347430706024,-0.3333333333333333
120,synke_ADJ,2.1490584956450305e-05,0.4500548471136706,-0.3333333333333333,0.2895021438598633,0.3333333333333333,0.2730055898427963,0.3333333333333333
121,sosial_ADJ,0.00047003403158976057,0.674908424908425,-0.3333333333333333,0.3096114695072174,0.3333333333333333,0.3784172981977463,-0.3333333333333333
122,materiell_ADJ,7.439785789079844e-05,0.7931839402427637,0.6666666666666666,0.276160828769207,0.3333333333333333,0.40964581072330475,1.0
123,in_ADJ,0.0001999595273769807,0.7576754385964912,0.3333333333333333,0.18245679140090942,0.3333333333333333,0.38520705699920654,0.3333333333333333
124,næringsdrivende_ADJ,8.06100878026054e-05,0.6535087719298247,-0.3333333333333333,0.34351156651973724,-0.3333333333333333,0.38723181188106537,0.3333333333333333
125,enig_ADJ,0.0001649561094910028,0.5336538461538463,0.0,0.2563454732298851,1.0,0.28762198984622955,0.3333333333333333
126,fig_ADJ,0.00010986006850993517,0.6852548036758563,0.0,0.4183049201965332,0.3333333333333333,0.38144034147262573,0.3333333333333333
127,akademisk_ADJ,3.258272462310074e-05,0.8524466804265566,0.3333333333333333,0.3725587725639343,0.3333333333333333,0.36169977486133575,1.0
128,mørk_ADJ,1.6660104524827107e-05,0.9035087719298246,-0.3333333333333333,0.16455473005771637,0.3333333333333333,0.26637163758277893,0.3333333333333333
129,lenge_ADJ,0.0004349692145490143,0.5290750915750916,0.3333333333333333,0.2300853431224823,1.0,0.22893480956554413,1.0
130,omtale_ADJ,3.430052998552774e-05,0.5290750915750917,0.0,0.37100691348314285,0.3333333333333333,0.32416804134845734,0.3333333333333333
131,elektronisk_ADJ,0.00015137344090209668,0.7963659147869675,0.3333333333333333,0.3493965119123459,1.0,0.42567451298236847,1.0
132,matematisk_ADJ,2.3983251143629084e-05,0.8214869281045751,0.6666666666666666,0.3292846530675888,-0.3333333333333333,0.3089395612478256,0.3333333333333333
133,enstemmig_ADJ,3.444114082382398e-05,0.8611111111111112,0.3333333333333333,0.33981675654649734,1.0,0.3438883423805237,0.3333333333333333
134,anna_ADJ,2.1813464624869275e-05,0.8656045751633987,0.3333333333333333,0.28224170207977295,0.3333333333333333,0.253914013504982,0.3333333333333333
135,ll_ADJ,9.491014077336569e-05,0.5336538461538461,1.0,0.2451741099357605,0.3333333333333333,0.3557063490152359,0.3333333333333333
136,binde_ADJ,8.097624252656317e-05,0.7576754385964912,0.3333333333333333,0.26323211938142776,1.0,0.3165346831083298,1.0
137,jevn_ADJ,9.473348758352266e-05,0.48101459943565217,-0.3333333333333333,0.26087066531181335,0.3333333333333333,0.33342601358890533,0.3333333333333333
138,svar_ADJ,3.825646840403815e-05,0.7267156862745099,0.3333333333333333,0.360869325697422,-0.3333333333333333,0.39514628052711487,0.3333333333333333
139,dele_ADJ,2.8433447464643907e-05,0.70639338731444,0.0,0.43500037491321564,1.0,0.4271668940782547,1.0
140,grafisk_ADJ,2.9296803358096218e-05,0.9312865497076024,0.3333333333333333,0.30922286212444305,0.3333333333333333,0.3445625901222229,0.3333333333333333
141,varm_ADJ,2.4502821099271824e-05,0.8169934640522876,-0.3333333333333333,0.17747332155704498,1.0,0.2760797291994095,1.0
142,orientere_ADJ,2.677082354365227e-05,0.6962669683257918,0.6666666666666666,0.320861391723156,1.0,0.29692399501800537,0.3333333333333333
143,obligatorisk_ADJ,0.00010002525607960494,0.872549019607843,0.3333333333333333,0.2907087132334709,0.3333333333333333,0.3450380116701126,1.0
144,fri_ADJ,0.0004168949987948818,0.7376283846872083,0.0,0.33686763048171997,-0.3333333333333333,0.3650261163711548,0.3333333333333333
145,kombinere_ADJ,9.489173229981437e-05,0.7376283846872083,0.0,0.2471642643213272,1.0,0.40729838609695435,1.0
146,automatisk_ADJ,7.375329584602003e-05,0.8209617180205415,0.0,0.2726282477378845,0.3333333333333333,0.4047091007232666,0.3333333333333333
147,syntetisk_ADJ,1.4625481934272362e-05,0.7130325814536341,0.6666666666666666,0.18508420884609222,0.3333333333333333,0.3071116954088211,1.0
148,reell_ADJ,0.00016686128118434526,0.6954365079365079,0.0,0.23506851494312286,0.3333333333333333,0.3148595690727234,1.0
149,få_ADJ,0.0003490404442212368,0.5641025641025642,0.3333333333333333,0.22818666696548462,1.0,0.2427588254213333,0.3333333333333333
150,lukke_ADJ,3.784326540759809e-05,0.6510989010989011,0.0,0.33024832606315613,0.3333333333333333,0.40957413613796234,0.3333333333333333
151,typisk_ADJ,9.741340756255342e-05,0.7029061624649859,0.3333333333333333,0.25328730046749115,0.3333333333333333,0.37378697097301483,1.0
152,isolere_ADJ,7.863301178994462e-05,0.7338659147869675,0.3333333333333333,0.2873223125934601,1.0,0.3268473595380783,1.0
153,beregne_ADJ,8.392910234892652e-05,0.674908424908425,0.0,0.26257284730672836,0.3333333333333333,0.3713422119617462,1.0
154,lle_ADJ,3.3365005890540093e-05,0.8524466804265566,0.0,0.1458454132080078,0.3333333333333333,0.2519431710243225,0.3333333333333333
155,fordel_ADJ,4.577911257039253e-05,0.34090909090909094,0.0,0.2795700430870056,0.3333333333333333,0.327674925327301,0.3333333333333333
156,skifte_ADJ,1.6833164375383316e-05,0.6754336349924586,0.6666666666666666,0.3317463994026184,0.3333333333333333,0.37019897997379303,0.3333333333333333
157,berre_ADJ,1.6740232550843188e-05,0.7659313725490196,0.0,0.26573634147644043,-0.3333333333333333,0.21802610158920288,-0.3333333333333333
158,uttale_ADJ,3.7073212432678574e-05,0.6069812540400775,0.0,0.3100810572504997,1.0,0.3459964841604233,-0.3333333333333333
159,psykiatrisk_ADJ,8.486973588832535e-05,0.8986068111455108,0.0,0.4445055052638054,0.3333333333333333,0.4197823405265808,-0.3333333333333333
160,tape_ADJ,3.426204304293224e-05,0.6984126984126984,0.0,0.2800194025039673,0.3333333333333333,0.3111472427845001,-0.3333333333333333
161,eige_ADJ,1.00826862984443e-05,0.9017887856897145,0.3333333333333333,0.2437475621700287,0.3333333333333333,0.2547878175973892,0.3333333333333333
162,naturlig_ADJ,0.00044347786152806304,0.5082417582417582,0.3333333333333333,0.2619391977787018,0.3333333333333333,0.2907557040452957,0.3333333333333333
163,detaljert_ADJ,0.0001304591531662454,0.5915750915750916,0.0,0.29388901591300964,0.3333333333333333,0.23242725431919098,1.0
164,sentra_ADJ,1.9313765047987895e-05,0.7101558572146808,-0.3333333333333333,0.3329291269183159,-0.3333333333333333,0.33569881319999695,-0.3333333333333333
165,utvide_ADJ,7.805495893614767e-05,0.7261904761904763,0.0,0.2733248248696327,1.0,0.34102989733219147,1.0
166,privat_ADJ,0.0006303496921823153,0.634453781512605,0.3333333333333333,0.29405151307582855,1.0,0.37973345816135406,1.0
167,engelsk_ADJ,3.9972545835809415e-05,0.6917735042735043,0.3333333333333333,0.3410567343235016,1.0,0.3319460600614548,-0.3333333333333333
168,øvre_ADJ,7.364145121319789e-05,0.6679639804639805,0.0,0.36952755600214005,0.3333333333333333,0.3194642961025238,0.3333333333333333
169,alminnelig_ADJ,0.00036748498508884747,0.6428571428571429,0.0,0.24610252678394318,1.0,0.42092274129390717,1.0
170,teknisk_ADJ,0.0005986331560625076,0.7029061624649859,0.3333333333333333,0.313349150121212,-0.3333333333333333,0.31762121617794037,1.0
171,mye_ADJ,0.002993684191869222,0.5637973137973138,-0.3333333333333333,0.23984754085540771,1.0,0.209258571267128,0.3333333333333333
172,åpenbar_ADJ,7.483591660239371e-05,0.7192460317460316,0.0,0.2296261191368103,-0.3333333333333333,0.3114147186279297,1.0
173,nar_ADJ,3.000735665116819e-05,0.8333333333333334,0.3333333333333333,0.4235631376504898,-0.3333333333333333,0.3702937662601471,-0.3333333333333333
174,nordisk_ADJ,0.000251028570846565,0.5677655677655677,0.6666666666666666,0.41370146721601486,-0.3333333333333333,0.37078894674777985,0.3333333333333333
175,fordele_ADJ,6.548320007632543e-05,0.3787878787878788,0.0,0.2436756193637848,0.3333333333333333,0.2526153028011322,0.3333333333333333
176,dekke_ADJ,6.004211342243164e-05,0.46955128205128216,0.0,0.25438281893730164,1.0,0.2683357149362564,0.3333333333333333
177,flat_ADJ,2.0556358374056804e-05,0.861842105263158,-0.3333333333333333,0.31256115436553955,0.3333333333333333,0.3894350677728653,0.3333333333333333
178,komme_ADJ,4.6582041484971595e-05,0.5637973137973138,0.0,0.35977408289909363,1.0,0.3022637218236923,0.3333333333333333
179,tilsvarande_ADJ,1.5908430797460555e-05,0.7576754385964912,0.6666666666666666,0.35691986232995987,-0.3333333333333333,0.2777172029018402,-0.3333333333333333
180,kort_ADJ,0.0004322377955868344,0.34090909090909083,0.0,0.28614363074302673,0.3333333333333333,0.298624187707901,1.0
181,stå_ADJ,5.830826572296252e-05,0.7659313725490196,0.3333333333333333,0.33689218014478683,-0.3333333333333333,0.322551965713501,-0.3333333333333333
182,offentlig_ADJ,0.0013747427506041437,0.6700064641241112,0.3333333333333333,0.3063753843307495,-0.3333333333333333,0.28000402450561523,1.0
183,sentral_ADJ,0.0007336664148904417,0.6954365079365079,0.3333333333333333,0.26876581460237503,1.0,0.30764198303222656,0.3333333333333333
184,bevart_ADJ,1.7704322064363092e-05,0.9736842105263158,-0.3333333333333333,0.3502241522073746,-0.3333333333333333,0.3793107718229294,0.3333333333333333
185,grønn_ADJ,2.8891962550368385e-05,0.8625730994152048,-0.3333333333333333,0.2767801582813263,0.3333333333333333,0.4204406142234802,0.3333333333333333
186,individuell_ADJ,0.00018249309772046474,0.6236263736263736,0.0,0.2542019486427307,1.0,0.4125669151544571,0.3333333333333333
187,utenriks_ADJ,1.9912623312470894e-05,0.49119630369630374,0.3333333333333333,0.42305752635002136,0.3333333333333333,0.41731616854667664,-0.3333333333333333
188,sikker_ADJ,0.00017590785686412669,0.6546003016591252,0.0,0.24193798005580902,0.3333333333333333,0.33050280809402466,0.3333333333333333
189,søndre_ADJ,2.464096900888151e-05,0.612408424908425,0.6666666666666666,0.17067258059978485,0.3333333333333333,0.22910462319850922,1.0
190,følge_ADJ,0.00016326684253979655,0.5677655677655677,-0.3333333333333333,0.3141935244202614,1.0,0.2980113625526428,0.3333333333333333
191,ovennevnt_ADJ,6.354131702895247e-05,0.3729603729603729,0.0,0.32098438590765,0.3333333333333333,0.3606780767440796,-0.3333333333333333
192,vedrøre_ADJ,0.00021476589105206287,0.4775273745861981,0.0,0.2752777710556984,1.0,0.2553912401199341,1.0
193,lokal_ADJ,0.0006581664931008008,0.5712669683257919,0.3333333333333333,0.30398908257484436,0.3333333333333333,0.3716225177049637,0.3333333333333333
194,historisk_ADJ,0.0001083143371589206,0.6820728291316527,0.3333333333333333,0.3375101536512375,0.3333333333333333,0.3687467724084854,-0.3333333333333333
195,nevnt_ADJ,0.00012934575769326615,0.387029637029637,-0.3333333333333333,0.23219214379787445,1.0,0.30551619827747345,-0.3333333333333333
196,permanent_ADJ,6.636472462222034e-05,0.7576754385964912,0.3333333333333333,0.3390352204442024,0.3333333333333333,0.3358476012945175,0.3333333333333333
197,hard_ADJ,4.815539140738424e-05,0.7376283846872083,0.3333333333333333,0.2266521006822586,-0.3333333333333333,0.32850272953510284,0.3333333333333333
198,eksistere_ADJ,0.00023603524861236764,0.6150793650793651,-0.3333333333333333,0.2539871260523796,1.0,0.30200962722301483,0.3333333333333333
199,sjelden_ADJ,2.7122212425529995e-05,0.7029061624649859,0.3333333333333333,0.28305427730083466,1.0,0.28487734496593475,0.3333333333333333
200,vokse_ADJ,2.1214524321882956e-05,0.5528846153846154,0.0,0.27316488325595856,0.3333333333333333,0.25903183221817017,0.3333333333333333
201,norsk_ADJ,0.001830767039166428,0.456959706959707,0.0,0.29660527408123016,0.3333333333333333,0.22163383662700653,0.3333333333333333
202,tjenesteytende_ADJ,2.7847437952361404e-05,0.7785087719298246,0.0,0.35777878761291504,0.3333333333333333,0.3764333873987198,0.3333333333333333
203,lang_ADJ,0.0010719592763184758,0.6250000000000001,0.0,0.24251461029052734,0.3333333333333333,0.19496887922286987,0.3333333333333333
204,beskjeden_ADJ,6.193923174038826e-05,0.44507575757575757,0.3333333333333333,0.2556559592485428,0.3333333333333333,0.20509445667266846,-0.3333333333333333
205,sentralbyrå_ADJ,1.8753358185598062e-05,0.5637973137973138,0.0,0.3928787335753441,0.3333333333333333,0.5580644682049751,0.3333333333333333
206,statistisk_ADJ,0.0001246006233734654,0.7063933873144399,0.0,0.4142054244875908,1.0,0.4814199432730675,0.3333333333333333
207,tysk_ADJ,5.8466179274701345e-05,0.39743589743589747,0.0,0.3777136132121086,0.3333333333333333,0.3457304537296295,0.3333333333333333
208,radioaktiv_ADJ,4.951400043199596e-05,0.8687865497076023,0.3333333333333333,0.28014616668224335,0.3333333333333333,0.38923272490501404,-0.3333333333333333
209,rask_ADJ,0.00022037446264247694,0.48076923076923084,0.0,0.24992896616458893,0.3333333333333333,0.235866516828537,1.0
210,årig_ADJ,0.000140205422331848,0.7222222222222223,0.3333333333333333,0.37998858094215393,0.3333333333333333,0.34677650034427643,0.3333333333333333
211,parallell_ADJ,6.114877176405555e-05,0.7247757402556163,0.3333333333333333,0.2972904369235039,0.3333333333333333,0.3196588158607483,0.3333333333333333
212,inngå_ADJ,4.749668102476934e-05,0.5082417582417582,0.6666666666666666,0.35702110826969147,0.3333333333333333,0.38936804234981537,1.0
213,svær_ADJ,0.000410483078059871,0.24417249417249418,0.0,0.23944701254367828,1.0,0.23493386805057526,0.3333333333333333
214,opprinnelig_ADJ,0.00012700166187691389,0.6516241111829347,0.3333333333333333,0.2643672972917557,0.3333333333333333,0.39045338332653046,0.3333333333333333
215,spesifisere_ADJ,3.402882818280618e-05,0.5199849170437406,0.0,0.30537528544664383,0.3333333333333333,0.3178434520959854,0.3333333333333333
216,hovedsakelig_ADJ,8.745947896753976e-05,0.387029637029637,1.0,0.3000558018684387,-0.3333333333333333,0.3184002637863159,1.0
217,nær_ADJ,0.0013235748820182892,0.6307907778496014,0.6666666666666666,0.25366662442684174,1.0,0.23548847436904907,1.0
218,fysikalsk_ADJ,1.854932591094527e-05,0.8708290333677331,0.3333333333333333,0.3894972801208496,0.3333333333333333,0.35039879381656647,0.3333333333333333
219,af_ADJ,6.714748192154321e-05,0.7659313725490196,0.3333333333333333,0.24618679285049438,0.3333333333333333,0.28232085704803467,0.3333333333333333
220,bo_ADJ,1.5301152433817933e-05,0.9736842105263158,0.0,0.21883855760097504,0.3333333333333333,0.24364298582077026,-0.3333333333333333
221,finansiell_ADJ,0.00011809082313876676,0.7730816010614772,0.3333333333333333,0.3007885813713074,1.0,0.3908005803823471,1.0
222,reise_ADJ,3.0455652589069072e-05,0.7584617180205415,0.3333333333333333,0.39203784614801407,-0.3333333333333333,0.38892678171396255,-0.3333333333333333
223,formålstjenlig_ADJ,2.164300148286513e-05,0.5677655677655677,0.0,0.3367394879460335,0.3333333333333333,0.2729724198579788,1.0
224,internasjonal_ADJ,0.000616531229090567,0.48076923076923084,0.6666666666666666,0.32925404608249664,0.3333333333333333,0.3222671300172806,0.3333333333333333
225,administrere_ADJ,2.8619101070096924e-05,0.8839869281045751,0.3333333333333333,0.42845461517572403,-0.3333333333333333,0.43012554943561554,0.3333333333333333
226,differensiere_ADJ,3.8367482544677895e-05,0.588598901098901,0.6666666666666666,0.31031253188848495,1.0,0.3813587427139282,1.0
227,maksimal_ADJ,7.148820690919756e-05,0.7450980392156863,-0.3333333333333333,0.22378267347812653,1.0,0.31696946918964386,0.3333333333333333
228,ren_ADJ,0.0002767239756446058,0.6917735042735043,0.0,0.24302254617214203,0.3333333333333333,0.335095152258873,0.3333333333333333
229,bestemme_ADJ,4.1731163472576625e-05,0.5363247863247864,0.3333333333333333,0.2395629733800888,1.0,0.33923234045505524,0.3333333333333333
230,løs_ADJ,3.9857703995622426e-05,0.7192460317460317,0.0,0.27570946514606476,0.3333333333333333,0.36743129789829254,0.3333333333333333
231,grei_ADJ,1.6283863557606377e-05,0.7862394957983192,0.0,0.32630932331085205,1.0,0.35971687734127045,-0.3333333333333333
232,objektiv_ADJ,6.527150686331691e-05,0.7584617180205415,0.0,0.2872338891029358,0.3333333333333333,0.34009788930416107,0.3333333333333333
233,etterfølge_ADJ,4.556912665819055e-05,0.6307907778496014,0.6666666666666666,0.2665988355875015,1.0,0.3456304520368576,0.3333333333333333
234,gjennomsnittlig_ADJ,0.00027562768969678403,0.7192460317460317,0.3333333333333333,0.21375523507595062,1.0,0.3095082938671112,0.3333333333333333
235,fisk_ADJ,3.531669391830945e-05,0.6746031746031746,0.3333333333333333,0.2581305205821991,0.3333333333333333,0.34084858000278473,0.3333333333333333
236,oppmerksom_ADJ,7.729426206243383e-05,0.5528846153846154,0.3333333333333333,0.26422975957393646,1.0,0.26062141358852386,-0.3333333333333333
237,ere_ADJ,1.2128754002343028e-05,0.8708290333677331,0.3333333333333333,0.18434587121009827,1.0,0.3344527631998062,0.3333333333333333
238,følgende_ADJ,0.0005698023618217069,0.5164835164835165,0.6666666666666666,0.28134477138519287,1.0,0.28741219639778137,-0.3333333333333333
239,geologisk_ADJ,4.8655710131585535e-05,0.670940170940171,0.0,0.33631275594234467,1.0,0.3355451822280884,1.0
240,gjennomgående_ADJ,8.34182595793352e-05,0.8169934640522876,0.3333333333333333,0.2487083226442337,1.0,0.35185736417770386,1.0
241,st_ADJ,3.15676568733964e-05,0.932748538011696,0.3333333333333333,0.28887104988098145,-0.3333333333333333,0.4472895711660385,1.0
242,ofte_ADJ,0.0008039079584667746,0.5016025641025642,0.0,0.23352466523647308,1.0,0.24477387964725494,-0.3333333333333333
243,ønske_ADJ,4.959321352754928e-05,0.5637973137973138,0.0,0.2823486179113388,1.0,0.32349348068237305,0.3333333333333333
244,original_ADJ,1.547499335094245e-05,0.872549019607843,0.3333333333333333,0.2839885950088501,1.0,0.3865731805562973,-0.3333333333333333
245,syk_ADJ,6.383264614209959e-05,0.8854489164086687,0.0,0.2759440392255783,-0.3333333333333333,0.33728402853012085,-0.3333333333333333
246,utvilsom_ADJ,4.024313065835992e-05,0.6196581196581197,0.0,0.24484609067440033,0.3333333333333333,0.34335917234420776,0.3333333333333333
247,hel_ADJ,0.0013358065282630764,0.612408424908425,0.0,0.23251226544380188,1.0,0.23307472467422485,0.3333333333333333
248,mulig_ADJ,0.0012042816636435485,0.5016025641025642,0.3333333333333333,0.25480276346206665,0.3333333333333333,0.19646726548671722,0.3333333333333333
249,sann_ADJ,2.046919893601535e-05,0.5336538461538463,0.3333333333333333,0.2809920608997345,1.0,0.3085721284151077,-0.3333333333333333
250,sammenheng_ADJ,1.7850234472197744e-05,0.932748538011696,0.3333333333333333,0.30268628895282745,0.3333333333333333,0.316793829202652,1.0
251,naturvitenskapelig_ADJ,3.445683171344638e-05,0.8031045751633987,0.3333333333333333,0.37679170817136765,-0.3333333333333333,0.36961519718170166,-0.3333333333333333
252,faglig_ADJ,0.00040095647233274676,0.75,-0.3333333333333333,0.2767707407474518,0.3333333333333333,0.31241515278816223,0.3333333333333333
253,teknologisk_ADJ,9.3424847351458e-05,0.6892230576441103,0.3333333333333333,0.3062881901860237,0.3333333333333333,0.3099117577075958,1.0
254,le_ADJ,1.80871340477084e-05,0.9590643274853801,0.3333333333333333,0.19803163409233093,0.3333333333333333,0.38546162843704224,1.0
255,interessere_ADJ,8.280109240068713e-05,0.7267156862745099,0.0,0.27810926735401154,0.3333333333333333,0.3335527032613754,0.3333333333333333
256,ret_ADJ,5.802951087433315e-05,0.7058823529411766,-0.3333333333333333,0.3617207109928131,1.0,0.2551790475845337,0.3333333333333333
257,rik_ADJ,8.105083473886561e-05,0.8214869281045751,0.6666666666666666,0.25762608647346497,1.0,0.3690112680196762,0.3333333333333333
258,fysisk_ADJ,0.00022623779316537562,0.8006535947712419,0.3333333333333333,0.3056943565607071,-0.3333333333333333,0.4126614183187485,1.0
259,selvfølgelig_ADJ,3.762605077268682e-05,0.5849358974358975,0.6666666666666666,0.25528863072395325,0.3333333333333333,0.34689028561115265,0.3333333333333333
260,forretningsmessig_ADJ,4.5255980199757325e-05,0.7708333333333335,0.0,0.34919677674770355,0.3333333333333333,0.3507673889398575,1.0
261,samfunnsøkonomisk_ADJ,7.044156620108814e-05,0.6845238095238095,0.0,0.32056424766778946,1.0,0.3587264269590378,1.0
262,klassisk_ADJ,1.9639074078673947e-05,0.986842105263158,0.0,0.31140854954719543,0.3333333333333333,0.31785301864147186,1.0
263,vanlig_ADJ,0.0005063210470897107,0.4500548471136706,0.0,0.21717166900634766,0.3333333333333333,0.28090979158878326,0.3333333333333333
264,var_ADJ,1.6052423382655515e-05,0.5712669683257919,0.0,0.30503176152706146,0.3333333333333333,0.2787574231624603,0.3333333333333333
265,plutselig_ADJ,1.5356407402998236e-05,0.7522482677281439,0.0,0.2127535492181778,0.3333333333333333,0.268931582570076,-0.3333333333333333
266,selvstendig_ADJ,0.000195018279464935,0.8524466804265566,0.0,0.28482405841350555,0.3333333333333333,0.36804740130901337,0.3333333333333333
267,berøre_ADJ,9.403206522668442e-05,0.7247757402556163,0.3333333333333333,0.31203871965408325,1.0,0.3318919837474823,0.3333333333333333
268,enkel_ADJ,0.00028591229556038957,0.6104684788895316,-0.3333333333333333,0.24799416959285736,0.3333333333333333,0.270434707403183,0.3333333333333333
269,gifte_ADJ,2.7908446566225253e-05,0.7968911248710011,0.3333333333333333,0.3677467554807663,-0.3333333333333333,0.37695732712745667,0.3333333333333333
270,ordinær_ADJ,0.00021231274925202136,0.5683760683760685,0.3333333333333333,0.23687909543514252,1.0,0.3416002094745636,1.0
271,skarp_ADJ,2.8823898431740538e-05,0.8340643274853802,0.3333333333333333,0.2606733590364456,1.0,0.3361174017190933,1.0
272,vestlig_ADJ,5.062362908197192e-05,0.5677655677655677,1.0,0.3142356723546982,0.3333333333333333,0.3335472494363785,0.3333333333333333
273,betale_ADJ,3.4925559144196305e-05,0.634453781512605,-0.3333333333333333,0.2851118892431259,0.3333333333333333,0.3599483072757721,0.3333333333333333
274,brukbar_ADJ,1.9837161756663226e-05,0.6041666666666667,0.6666666666666666,0.3082645311951637,-0.3333333333333333,0.32167577743530273,0.3333333333333333
275,tilnærmet_ADJ,4.124868558111394e-05,0.7730816010614772,0.0,0.2942159026861191,0.3333333333333333,0.33434779942035675,0.3333333333333333
276,usikker_ADJ,0.00011854802328453645,0.6196581196581197,0.0,0.27111341059207916,0.3333333333333333,0.3213159292936325,0.3333333333333333
277,fjerde_ADJ,0.00012823916768931452,0.5320512820512822,0.0,0.35324814170598984,1.0,0.32354265451431274,0.3333333333333333
278,strukturell_ADJ,4.0262077069322944e-05,0.7822712418300655,0.3333333333333333,0.2786097377538681,1.0,0.3384444862604141,1.0
279,ekstraordinær_ADJ,4.42263046813096e-05,0.7916666666666667,0.0,0.32860368490219116,0.3333333333333333,0.3863803595304489,0.3333333333333333
280,rød_ADJ,7.095317596516947e-05,0.7146493212669683,0.0,0.2110561728477478,-0.3333333333333333,0.39351487159729004,0.3333333333333333
281,høve_ADJ,1.9305212074680407e-05,0.8051470588235294,0.6666666666666666,0.29448914527893066,0.3333333333333333,0.23473574221134186,-0.3333333333333333
282,tjenlig_ADJ,2.0346613560688877e-05,0.6582633053221288,-0.3333333333333333,0.31834887713193893,0.3333333333333333,0.29710105061531067,0.3333333333333333
283,avgrense_ADJ,5.420072160183788e-05,0.46955128205128216,0.3333333333333333,0.2932944819331169,0.3333333333333333,0.3068486750125885,0.3333333333333333
284,utpreget_ADJ,2.1900594163287463e-05,0.6974789915966386,0.0,0.3001963198184967,1.0,0.30223384499549866,1.0
285,bred_ADJ,0.00020472112846907465,0.6236263736263736,-0.3333333333333333,0.30905676633119583,1.0,0.3303084969520569,0.3333333333333333
286,fylle_ADJ,3.453300785989507e-05,0.9035087719298246,-0.3333333333333333,0.33101920783519745,-0.3333333333333333,0.30942992866039276,0.3333333333333333
287,videregående_ADJ,0.0002584823282379133,0.8078038232836995,0.3333333333333333,0.40878304094076157,-0.3333333333333333,0.3989792615175247,0.3333333333333333
288,medisinsk_ADJ,0.0002127228445959031,0.7192460317460316,-0.3333333333333333,0.30815455317497253,1.0,0.386922225356102,-0.3333333333333333
289,annen_ADJ,8.782890318782802e-05,0.4797979797979798,0.0,0.3153736889362335,0.3333333333333333,0.3911579102277756,-0.3333333333333333
290,bestå_ADJ,6.484136260730162e-05,0.7192460317460319,0.0,0.3956236317753792,-0.3333333333333333,0.3871314823627472,0.3333333333333333
291,nevneverdig_ADJ,2.5064370191554646e-05,0.5290750915750917,0.0,0.26298829913139343,1.0,0.26551468670368195,0.3333333333333333
292,selge_ADJ,2.683641595536485e-05,0.7493715434891906,0.0,0.28208521008491516,0.3333333333333333,0.34218551218509674,0.3333333333333333
293,likeverdig_ADJ,4.4627393594201154e-05,0.4944178628389155,-0.3333333333333333,0.3279901519417763,0.3333333333333333,0.3431917428970337,1.0
294,nærværende_ADJ,2.39947930869844e-05,0.8656045751633987,0.3333333333333333,0.3482116013765335,-0.3333333333333333,0.33623380959033966,0.3333333333333333
295,definere_ADJ,5.5291792734219403e-05,0.6790966386554622,0.0,0.274186372756958,1.0,0.3164834976196289,-0.3333333333333333
296,ke_ADJ,1.6984813001888778e-05,0.986842105263158,0.0,0.30344854295253754,-0.3333333333333333,0.36900386214256287,-0.3333333333333333
297,felles_ADJ,0.0004898380042278859,0.7638888888888888,-0.3333333333333333,0.29331695288419724,0.3333333333333333,0.33590005338191986,0.3333333333333333
298,markere_ADJ,1.5628585681500314e-05,0.5915750915750916,0.3333333333333333,0.26544836163520813,0.3333333333333333,0.23757390677928925,1.0
299,full_ADJ,0.000431221783407058,0.6636904761904763,1.0,0.24844366312026978,1.0,0.37283822894096375,1.0
300,respektiv_ADJ,7.044049856959515e-05,0.5130658814869341,0.0,0.32583147287368774,1.0,0.2998785227537155,1.0
301,utførlig_ADJ,2.4039699901051718e-05,0.4487179487179488,0.0,0.34130072593688965,0.3333333333333333,0.21601904928684235,0.3333333333333333
302,radikal_ADJ,2.096965535303195e-05,0.5528846153846154,0.3333333333333333,0.3434841111302376,1.0,0.31705231964588165,-0.3333333333333333
303,utbre_ADJ,3.927901052401165e-05,0.8031045751633986,0.3333333333333333,0.2810779809951782,1.0,0.27699583768844604,1.0
304,forberede_ADJ,3.718395843261475e-05,0.6398809523809523,0.0,0.32821156829595566,0.3333333333333333,0.358648419380188,0.3333333333333333
305,gul_ADJ,1.4177593962110566e-05,0.7748015873015872,-0.3333333333333333,0.1820278912782669,-0.3333333333333333,0.3551231622695923,-0.3333333333333333
306,betryggende_ADJ,3.35030823045546e-05,0.6570512820512822,0.3333333333333333,0.2770060896873474,0.3333333333333333,0.2839353382587433,0.3333333333333333
307,knytte_ADJ,0.00023575852614973647,0.48793363499245856,0.3333333333333333,0.22946549206972122,1.0,0.26807811856269836,1.0
308,flg_ADJ,2.6741645887542913e-05,0.9149466804265566,0.3333333333333333,0.24934515357017517,0.3333333333333333,0.3199997544288635,-0.3333333333333333
309,tilsvare_ADJ,0.0006438481226904933,0.5363247863247864,0.3333333333333333,0.21970489621162415,0.3333333333333333,0.2721523940563202,0.3333333333333333
310,att_ADJ,2.8491887288037865e-05,0.387029637029637,0.0,0.2141806036233902,1.0,0.15768834948539734,0.3333333333333333
311,knapp_ADJ,5.681811706645124e-05,0.5795087265675501,0.0,0.27546368539333344,0.3333333333333333,0.36072075366973877,0.3333333333333333
312,død_ADJ,5.309324361003439e-05,0.7785087719298246,0.0,0.21719923615455627,0.3333333333333333,0.32905706763267517,0.3333333333333333
313,vare_ADJ,2.504146264844321e-05,0.8398692810457515,0.0,0.25941966474056244,0.3333333333333333,0.2667616605758667,0.3333333333333333
314,fort_ADJ,2.932519435123701e-05,0.6754336349924586,0.0,0.28912724554538727,0.3333333333333333,0.2802148461341858,0.3333333333333333
315,nærliggende_ADJ,5.004016912088326e-05,0.6104684788895315,0.0,0.2826458811759949,-0.3333333333333333,0.31693315505981445,1.0
316,tilfelle_ADJ,8.828681623933166e-05,0.7522482677281439,0.0,0.2360425889492035,0.3333333333333333,0.28414587676525116,1.0
317,ge_ADJ,8.26413418182826e-05,0.8361068111455108,0.3333333333333333,0.2147553414106369,-0.3333333333333333,0.41987545788288116,0.3333333333333333
318,overført_ADJ,2.1961846908694106e-05,0.7892156862745099,0.0,0.528138255700469,-0.3333333333333333,0.4990962781012058,-1.0
319,halv_ADJ,8.919432228416471e-05,0.7222222222222223,0.3333333333333333,0.25535476207733154,0.3333333333333333,0.3046226352453232,0.3333333333333333
320,egentlig_ADJ,9.64945782552499e-05,0.7192460317460317,0.0,0.26658882200717926,-0.3333333333333333,0.33354344964027405,0.3333333333333333
321,ovenstående_ADJ,2.0778558178074708e-05,0.6582633053221287,0.3333333333333333,0.3547448441386223,0.3333333333333333,0.30805908143520355,-0.3333333333333333
322,vakker_ADJ,1.9740134703465658e-05,0.8819444444444444,0.0,0.2027139812707901,1.0,0.3078632205724716,0.3333333333333333
323,omvendt_ADJ,2.6642613688807325e-05,0.9017887856897144,0.3333333333333333,0.3242676556110382,0.3333333333333333,0.4411630928516388,0.3333333333333333
324,si_ADJ,1.674954425308656e-05,0.8562091503267972,0.3333333333333333,0.1947605013847351,1.0,0.3190053403377533,0.3333333333333333
325,kvinnelig_ADJ,4.657100494798012e-05,0.7063933873144399,0.0,0.3911496475338936,0.3333333333333333,0.41243264079093933,0.3333333333333333
326,vestre_ADJ,2.6127911762153417e-05,0.5082417582417582,0.3333333333333333,0.16204696893692017,0.3333333333333333,0.2320023477077484,0.3333333333333333
327,forst_ADJ,1.7614216148740736e-05,0.8031045751633986,0.3333333333333333,0.46072522550821304,0.3333333333333333,0.44694214314222336,0.3333333333333333
328,høger_ADJ,9.417009930398191e-05,0.9149466804265565,-0.3333333333333333,0.4404982849955559,0.3333333333333333,0.4588439017534256,-0.3333333333333333
329,svak_ADJ,0.00019069758938994644,0.5199849170437406,0.0,0.24381601810455322,1.0,0.2668522894382477,1.0
330,finsk_ADJ,4.7791819055449335e-05,0.456959706959707,0.0,0.4551444239914417,-0.3333333333333333,0.3858025372028351,0.3333333333333333
331,trykke_ADJ,3.0835967821992814e-05,0.8888888888888888,0.3333333333333333,0.3604525104165077,0.3333333333333333,0.34065887331962585,1.0
332,ad_ADJ,1.6080043557073382e-05,0.8031045751633987,0.0,0.4425354152917862,0.3333333333333333,0.44008709490299225,0.3333333333333333
333,formodentlig_ADJ,1.7652755861592886e-05,0.7470238095238095,0.0,0.3844521939754486,-0.3333333333333333,0.5109073668718338,-0.3333333333333333
334,utstrakt_ADJ,4.323466015414768e-05,0.6790966386554622,0.6666666666666666,0.28377701342105865,1.0,0.2725590467453003,0.3333333333333333
335,integrere_ADJ,6.360064895936058e-05,0.7192460317460317,0.0,0.30244921147823334,0.3333333333333333,0.330059215426445,1.0
336,vidtgående_ADJ,1.7982429881564683e-05,0.6057692307692308,0.3333333333333333,0.3251712918281555,1.0,0.22503717243671417,0.3333333333333333
337,normal_ADJ,0.00028275159691494047,0.5912698412698413,0.0,0.2226070612668991,0.3333333333333333,0.333172082901001,0.3333333333333333
338,vond_ADJ,2.8673879501171962e-05,0.8046218487394958,0.0,0.2674192488193512,0.3333333333333333,0.3388533294200897,1.0
339,noko_ADJ,1.6084783509758396e-05,0.7867647058823529,0.3333333333333333,0.22795933485031128,-0.3333333333333333,0.22597262263298035,0.3333333333333333
340,synlig_ADJ,3.190640916066567e-05,0.875,0.0,0.2123723179101944,1.0,0.3263137638568878,1.0
341,øvr_ADJ,4.961982796950967e-05,0.4316724941724942,0.0,0.29407353699207306,0.3333333333333333,0.3218308091163635,0.3333333333333333
342,østlig_ADJ,2.0589180109128155e-05,0.41666666666666674,0.3333333333333333,0.2927061915397644,-0.3333333333333333,0.2967020273208618,0.3333333333333333
343,relevant_ADJ,0.00016098751455161765,0.4941724941724942,0.0,0.26112572103738785,0.3333333333333333,0.2950213700532913,0.3333333333333333
344,lite_ADJ,0.0004420180450012049,0.5829959514170041,0.0,0.24176934361457825,1.0,0.3087695688009262,1.0
345,bond_ADJ,1.7753874560921598e-05,0.8361068111455108,-0.3333333333333333,0.24672743678092957,0.3333333333333333,0.2189708650112152,0.3333333333333333
346,interkommunal_ADJ,5.6567413469131426e-05,0.7760577915376679,-0.3333333333333333,0.3878248855471611,0.3333333333333333,0.4157760739326477,1.0
347,endelig_ADJ,0.0002099014857324828,0.7130325814536342,0.3333333333333333,0.2666333466768265,0.3333333333333333,0.3592487871646881,-1.0
348,saklig_ADJ,4.1256808838459886e-05,0.883406432748538,0.0,0.31595923006534576,0.3333333333333333,0.32737089693546295,1.0
349,spesiell_ADJ,0.0010354192946661228,0.46955128205128216,0.3333333333333333,0.2343786060810089,0.3333333333333333,0.23859553039073944,1.0
350,trygg_ADJ,4.158965278120753e-05,0.719551282051282,0.0,0.2752116918563843,0.3333333333333333,0.3069164305925369,1.0
351,organisere_ADJ,0.00010538109216908008,0.8214869281045751,0.0,0.2957538515329361,0.3333333333333333,0.37041375041007996,1.0
352,øke_ADJ,0.0008002898509469035,0.4383116883116883,0.6666666666666666,0.2312241941690445,1.0,0.18900997936725616,1.0
353,gammel_ADJ,0.0007026626300002155,0.736842105263158,-0.3333333333333333,0.2823493778705597,-0.3333333333333333,0.3361097276210785,1.0
354,kulturell_ADJ,0.00010110715949094731,0.7708333333333335,0.0,0.29146483540534973,1.0,0.3330630660057068,0.3333333333333333
355,dyr_ADJ,4.4167627625182294e-05,0.6917735042735043,0.0,0.23297026753425598,1.0,0.28752027451992035,0.3333333333333333
356,visse_ADJ,6.17821824439102e-05,0.5915750915750917,0.0,0.24707603454589844,1.0,0.341249942779541,-0.3333333333333333
357,berettige_ADJ,3.07840988328985e-05,0.8177244582043344,0.3333333333333333,0.25487032532691956,-0.3333333333333333,0.3204827159643173,0.3333333333333333
358,positiv_ADJ,0.00026275589585028365,0.736842105263158,0.0,0.278750516474247,0.3333333333333333,0.3555314689874649,0.3333333333333333
359,tredje_ADJ,0.00036215963766770735,0.5915750915750916,0.3333333333333333,0.30119360238313675,1.0,0.3099878430366516,-0.3333333333333333
360,særskille_ADJ,1.0018308921322254e-05,0.9312865497076024,0.0,0.4441019184887409,0.3333333333333333,0.5063727721571922,0.3333333333333333
361,utbygge_ADJ,2.4438846335699997e-05,0.576388888888889,0.3333333333333333,0.38554494827985764,-0.3333333333333333,0.29276813566684723,-0.3333333333333333
362,representere_ADJ,2.829579084833192e-05,0.7058823529411766,0.0,0.36460091918706894,-1.0,0.3184986859560013,0.3333333333333333
363,annan_ADJ,1.1556246122699752e-05,0.8031045751633986,0.3333333333333333,0.23047247529029846,0.3333333333333333,0.24867883324623108,0.3333333333333333
364,mig_ADJ,3.988184717407271e-05,0.8888888888888888,-0.3333333333333333,0.1470745950937271,1.0,0.22451724112033844,0.3333333333333333
365,moderat_ADJ,5.1834477283050124e-05,0.6607142857142856,1.0,0.2707795351743698,0.3333333333333333,0.3693396896123886,1.0
366,fullstendig_ADJ,9.589422482112396e-05,0.5474574445162681,0.0,0.23989571630954742,0.3333333333333333,0.34333012998104095,0.3333333333333333
367,this_ADJ,2.8854989239905356e-05,0.6233211233211233,0.0,0.08818142116069794,0.3333333333333333,0.10980847477912903,0.3333333333333333
368,liknende_ADJ,9.280606174834974e-05,0.7730816010614772,0.0,0.3380242735147476,0.3333333333333333,0.33651672303676605,-0.3333333333333333
369,nasjonal_ADJ,0.0004673031645806177,0.7421218487394958,0.6666666666666666,0.289680615067482,1.0,0.37147994339466095,1.0
370,militær_ADJ,0.00015763417623726803,0.761437908496732,0.0,0.3919130712747574,0.3333333333333333,0.5235493332147598,0.3333333333333333
371,sa_ADJ,1.4898863444085396e-05,0.7475490196078431,0.3333333333333333,0.25967124104499817,0.3333333333333333,0.2292046695947647,-0.3333333333333333
372,stedlig_ADJ,2.7258820439327687e-05,0.9605263157894737,0.0,0.40262268483638763,1.0,0.45611903071403503,0.3333333333333333
373,betraktelig_ADJ,1.9977456555858083e-05,0.7785087719298247,0.6666666666666666,0.2883385866880417,1.0,0.3137501925230026,0.3333333333333333
374,elementær_ADJ,1.157235862139823e-05,0.8965643274853801,0.3333333333333333,0.3242488503456116,1.0,0.3574015498161316,1.0
375,alternativ_ADJ,0.00021596123354779124,0.7212885154061623,0.6666666666666666,0.2845838889479637,0.3333333333333333,0.34228937327861786,0.3333333333333333
376,tilhøre_ADJ,7.103245627017445e-05,0.8378267973856208,0.6666666666666666,0.3450997620820999,0.3333333333333333,0.4441574811935425,0.3333333333333333
377,betinge_ADJ,5.2547690073593256e-05,0.7892156862745099,-0.3333333333333333,0.27134741842746735,1.0,0.4375649467110634,0.3333333333333333
378,streng_ADJ,0.00012653590001584654,0.6307907778496014,0.0,0.2544543147087097,0.3333333333333333,0.25996069610118866,0.3333333333333333
379,nøye_ADJ,5.382314041535388e-05,0.5290750915750916,0.3333333333333333,0.30342619121074677,1.0,0.3168057054281235,1.0
380,organisk_ADJ,5.810628255066522e-05,0.8524466804265566,0.0,0.2727850377559662,0.3333333333333333,0.37197738885879517,0.3333333333333333
381,klar_ADJ,0.0006833410845947482,0.4500548471136706,0.3333333333333333,0.2218945324420929,0.3333333333333333,0.2958894520998001,1.0
382,regulær_ADJ,2.203207258331721e-05,0.7968911248710011,0.0,0.27941787242889404,-0.3333333333333333,0.4048227220773697,0.3333333333333333
383,løpende_ADJ,0.00011557795605783836,0.5683760683760685,0.3333333333333333,0.2703307718038559,0.3333333333333333,0.33472996950149536,0.3333333333333333
384,dyrke_ADJ,5.380767648407945e-05,0.5677655677655677,0.3333333333333333,0.3001941442489624,-0.3333333333333333,0.41063210368156433,0.3333333333333333
385,menneskelig_ADJ,5.046251030991764e-05,0.7475490196078431,0.3333333333333333,0.24136041104793549,0.3333333333333333,0.35230398178100586,0.3333333333333333
386,undersøke_ADJ,2.0800228883910547e-05,0.9117647058823528,0.0,0.4237181544303894,-0.3333333333333333,0.4339355379343033,0.3333333333333333
387,tidlig_ADJ,0.0010094559615750542,0.4487179487179488,-0.3333333333333333,0.23231035470962524,1.0,0.27346187829971313,0.3333333333333333
388,kontinuerlig_ADJ,6.91239824896409e-05,0.5463659147869675,0.0,0.27723167836666107,1.0,0.32912954688072205,-0.3333333333333333
389,ig_ADJ,2.618320598866079e-05,0.7897267206477734,0.3333333333333333,0.26341280341148376,0.3333333333333333,0.3867420256137848,0.3333333333333333
390,seiv_ADJ,0.00016750926124727868,0.5164835164835164,0.0,0.2258731573820114,1.0,0.3555203527212143,-1.0
391,ervervsmessig_ADJ,2.250348858687023e-05,0.9149466804265566,0.3333333333333333,0.34177784621715546,0.3333333333333333,0.43344543874263763,0.3333333333333333
392,se_ADJ,4.437353749239063e-05,0.8541666666666666,0.3333333333333333,0.40915657579898834,1.0,0.3884505331516266,1.0
393,dansk_ADJ,0.00010196085336075826,0.3787878787878788,-0.3333333333333333,0.32781610637903214,1.0,0.30694207549095154,0.3333333333333333
394,stor_ADJ,0.004543278159372079,0.47036297036297037,0.6666666666666666,0.22730371356010437,0.3333333333333333,0.15142494440078735,1.0
395,psykologisk_ADJ,4.040771935294274e-05,0.7968911248710011,0.3333333333333333,0.40509312599897385,-0.3333333333333333,0.44052690267562866,-0.3333333333333333
396,første_ADJ,0.0015625139715371484,0.4294871794871795,0.6666666666666666,0.26322799921035767,0.3333333333333333,0.2444288730621338,1.0
397,direkte_ADJ,0.00064212890612037,0.637941006362059,-0.3333333333333333,0.23215621709823608,0.3333333333333333,0.339368000626564,1.0
398,langsom_ADJ,2.1413653720927752e-05,0.46955128205128216,0.6666666666666666,0.24052301049232483,0.3333333333333333,0.24145406484603882,0.3333333333333333
399,note_ADJ,1.7366572055886543e-05,0.7237394957983193,0.3333333333333333,0.273319348692894,-0.3333333333333333,0.41454730182886124,0.3333333333333333
400,sistnevnt_ADJ,6.8468375127364e-05,0.5849358974358976,0.0,0.288180910050869,1.0,0.309162437915802,0.3333333333333333
401,are_ADJ,1.2976135683015976e-05,0.9181286549707602,0.0,0.0803464949131012,0.3333333333333333,0.12470284104347229,0.3333333333333333
402,forekomme_ADJ,1.7278675903654172e-05,0.9295665634674923,0.3333333333333333,0.2943427562713623,0.3333333333333333,0.3540330231189728,-0.3333333333333333
403,bl_ADJ,8.91591991081152e-05,0.5536963036963036,0.0,0.28600072115659714,1.0,0.40442955493927,1.0
404,bestemmende_ADJ,1.7372444111872727e-05,0.5641025641025641,0.3333333333333333,0.3050585985183716,1.0,0.34874284267425537,0.3333333333333333
405,personlig_ADJ,0.00020906908011737848,0.8839869281045751,0.0,0.3033287227153778,1.0,0.3801031708717346,1.0
406,prege_ADJ,5.555737154047211e-05,0.612408424908425,0.3333333333333333,0.24593894183635712,1.0,0.23760659992694855,-0.3333333333333333
407,såkalt_ADJ,0.00019274791327702597,0.8235294117647058,0.3333333333333333,0.2980695739388466,1.0,0.42658689618110657,0.3333333333333333
408,gjenværende_ADJ,2.373620294115837e-05,0.8169934640522876,0.3333333333333333,0.3094545751810074,0.3333333333333333,0.38001373410224915,0.3333333333333333
409,juridisk_ADJ,0.00013067156757189398,0.7576754385964912,0.0,0.30735912919044495,1.0,0.36211980879306793,1.0
410,ytterligere_ADJ,0.0002151865253600786,0.5712669683257918,0.3333333333333333,0.23136189579963684,1.0,0.29955947399139404,1.0
411,kvalitativ_ADJ,3.523470551770626e-05,0.7546992481203008,0.3333333333333333,0.2818467319011688,1.0,0.37901173532009125,1.0
412,diverse_ADJ,2.4767732953284663e-05,0.7023809523809523,0.0,0.36208682507276535,-0.3333333333333333,0.35709063708782196,0.3333333333333333
413,frisk_ADJ,2.9689885723691114e-05,0.8871689026487788,0.3333333333333333,0.2206272929906845,0.3333333333333333,0.371966615319252,0.3333333333333333
414,skyldig_ADJ,2.0815885296508322e-05,0.861111111111111,0.0,0.22603780031204224,1.0,0.24652741849422455,0.3333333333333333
415,daglig_ADJ,0.00015671951783488314,0.75,0.3333333333333333,0.35193201899528503,-0.3333333333333333,0.3945763558149338,1.0
416,egnet_ADJ,0.0001462590279225086,0.5336538461538463,0.3333333333333333,0.2565124034881592,0.3333333333333333,0.2780267894268036,0.3333333333333333
417,karakteristisk_ADJ,4.0365238735902226e-05,0.7430555555555556,0.0,0.2942189872264862,0.3333333333333333,0.3545508086681366,0.3333333333333333
418,eventuell_ADJ,0.0007639934358038749,0.6855600539811066,0.0,0.22914429008960724,-0.3333333333333333,0.2629041522741318,1.0
419,samfunnsmessig_ADJ,7.400264367448805e-05,0.6069812540400775,0.6666666666666666,0.26785634458065033,1.0,0.3262798488140106,0.3333333333333333
420,fleksibel_ADJ,7.227012734911205e-05,0.6190476190476191,0.6666666666666666,0.2976982146501541,1.0,0.27136778831481934,1.0
421,litt_ADJ,0.00017483268238246516,0.7415966386554622,0.0,0.2615494877099991,-0.3333333333333333,0.36001743376255035,-0.3333333333333333
422,uttrykkelig_ADJ,7.574737943169058e-05,0.7261904761904763,0.0,0.2788074463605881,0.3333333333333333,0.28814513981342316,1.0
423,viss_ADJ,0.0008244685817117058,0.5336538461538463,0.0,0.23215679824352264,0.3333333333333333,0.2418365627527237,1.0
424,estetisk_ADJ,3.4161910708866976e-05,0.9003267973856209,-0.3333333333333333,0.27085404098033905,1.0,0.33024078607559204,1.0
425,teoretisk_ADJ,0.0001143489678926953,0.8361068111455108,0.3333333333333333,0.2928301990032196,1.0,0.37148308753967285,1.0
426,most_ADJ,1.4566398495004084e-05,0.8802244582043344,0.3333333333333333,0.08647876977920532,0.3333333333333333,0.10227932035923004,0.3333333333333333
427,fin_ADJ,3.832987228601228e-05,0.7822712418300654,0.3333333333333333,0.18423449993133545,1.0,0.3474477678537369,0.3333333333333333
428,kjemisk_ADJ,9.395864474648649e-05,0.7576754385964912,0.6666666666666666,0.27530598640441895,0.3333333333333333,0.37762847542762756,0.3333333333333333
429,te_ADJ,2.128837231200934e-05,0.9164086687306501,0.3333333333333333,0.24247288703918457,1.0,0.4645673707127571,1.0
430,sterk_ADJ,0.0010375702894851965,0.5082417582417582,0.6666666666666666,0.2520723193883896,0.3333333333333333,0.22216731309890747,1.0
431,psykisk_ADJ,0.00021895440027739407,0.730989190548014,0.0,0.43047672510147095,0.3333333333333333,0.5492225661873817,0.3333333333333333
432,uklar_ADJ,7.09717880462533e-05,0.5509446693657221,0.0,0.2532632201910019,0.3333333333333333,0.322732612490654,0.3333333333333333
433,mod_ADJ,9.81273610087851e-06,0.924342105263158,0.0,0.1707310825586319,0.3333333333333333,0.3058679848909378,-0.3333333333333333
434,variere_ADJ,0.00012045906894940412,0.647130647130647,0.3333333333333333,0.2468419075012207,0.3333333333333333,0.2772453874349594,0.3333333333333333
435,foreslå_ADJ,9.697371399467345e-05,0.57950872656755,0.0,0.24893274903297424,1.0,0.29361341893672943,-0.3333333333333333
436,sivil_ADJ,0.00015478214681393529,0.7914639540026536,0.0,0.41393791139125824,-0.3333333333333333,0.5720192566514015,-0.3333333333333333
437,almindelig_ADJ,1.9180767942439914e-05,0.9590643274853802,0.0,0.29342882335186005,0.3333333333333333,0.2917460799217224,0.3333333333333333
438,negativ_ADJ,0.00017383839691077324,0.7522482677281439,0.0,0.29045385122299194,0.3333333333333333,0.37051326036453247,0.3333333333333333
439,hurtig_ADJ,4.268022737237847e-05,0.7053571428571428,0.3333333333333333,0.2555697560310364,1.0,0.27430327236652374,0.3333333333333333
440,same_ADJ,1.534093963401638e-05,0.7822712418300655,0.3333333333333333,0.23211197555065155,-0.3333333333333333,0.2500738352537155,0.3333333333333333
441,sort_ADJ,9.765679595258554e-06,0.8687865497076023,0.3333333333333333,0.16589166224002838,1.0,0.31647373735904694,-0.3333333333333333
442,øvrig_ADJ,0.0007308341844816698,0.41666666666666674,0.0,0.21321333944797516,1.0,0.31845971941947937,0.3333333333333333
443,muntlig_ADJ,7.125378198605244e-05,0.872549019607843,0.3333333333333333,0.2935473620891571,1.0,0.34841082990169525,1.0
444,optimal_ADJ,3.870888496388232e-05,0.5803571428571429,0.3333333333333333,0.26492559909820557,1.0,0.2824142426252365,0.3333333333333333
445,anvendt_ADJ,5.121686829981636e-05,0.6342780026990553,0.0,0.37147656083106995,1.0,0.4205852299928665,0.3333333333333333
446,effektiv_ADJ,0.0003401595117969096,0.5677655677655677,0.3333333333333333,0.263833150267601,0.3333333333333333,0.28168344497680664,1.0
447,eit_ADJ,0.00015660074850531005,0.5565476190476191,0.0,0.2859889715909958,0.3333333333333333,0.29218725860118866,1.0
448,dobbelt_ADJ,2.901623509263568e-05,0.6892230576441103,0.3333333333333333,0.26746387779712677,0.3333333333333333,0.33214008808135986,1.0
449,tilfredsstille_ADJ,0.00020157938355788051,0.3346702317290552,0.0,0.27757902443408966,-0.3333333333333333,0.26498232781887054,0.3333333333333333
450,tvilsom_ADJ,4.3414268592332066e-05,0.7376283846872081,0.6666666666666666,0.2496182918548584,0.3333333333333333,0.29596711695194244,0.3333333333333333
451,litra_ADJ,1.9669812293259814e-05,0.8933823529411764,0.0,0.3293960243463516,0.3333333333333333,0.32652249932289124,0.3333333333333333
452,årlig_ADJ,0.0003701505432782139,0.7237394957983192,0.3333333333333333,0.22528088092803955,0.3333333333333333,0.36267711222171783,1.0
453,nal_ADJ,1.2521607421061228e-05,0.7916666666666667,0.3333333333333333,0.5198559910058975,0.3333333333333333,0.4737909585237503,0.3333333333333333
454,pst_ADJ,0.0003361138355890286,0.57950872656755,-0.3333333333333333,0.26855579018592834,0.3333333333333333,0.2605572044849396,-0.3333333333333333
455,språklig_ADJ,3.603316567313828e-05,0.8656045751633987,0.0,0.31746651232242584,1.0,0.3949635773897171,0.3333333333333333
456,ug_ADJ,2.6659276334882507e-05,0.8224237063246351,0.0,0.20114441215991974,0.3333333333333333,0.4552764594554901,0.3333333333333333
457,übetydelig_ADJ,4.691444474319146e-05,0.39962121212121215,0.0,0.25151389837265015,0.3333333333333333,0.2749657928943634,1.0
458,hyppig_ADJ,5.769210788361357e-05,0.6746031746031746,0.0,0.33274630457162857,0.3333333333333333,0.3305606096982956,0.3333333333333333
459,lede_ADJ,2.941432795248306e-05,0.8888888888888888,0.0,0.41567859053611755,0.3333333333333333,0.41776059567928314,-0.3333333333333333
460,litterær_ADJ,1.710197272728623e-05,0.8214869281045751,0.0,0.28470025956630707,1.0,0.3182017505168915,1.0
461,fastsette_ADJ,3.112911223709839e-05,0.5677655677655677,0.0,0.28247108310461044,1.0,0.2743472456932068,0.3333333333333333
462,kontraherende_ADJ,3.8205280337298044e-05,0.9181286549707602,0.0,0.3176962286233902,0.3333333333333333,0.33793501555919647,1.0
463,lig_ADJ,2.3157101126801115e-05,0.8819444444444444,0.0,0.37010420858860016,1.0,0.5140284821391106,0.3333333333333333
464,kunstnerisk_ADJ,2.335197157966612e-05,0.7400793650793651,0.0,0.37486518919467926,-0.3333333333333333,0.3819752335548401,0.3333333333333333
465,organisatorisk_ADJ,8.891440205974736e-05,0.647130647130647,0.0,0.2954886630177498,0.3333333333333333,0.31318093836307526,0.3333333333333333
466,gjeldende_ADJ,0.0005879479448202519,0.6582633053221287,0.3333333333333333,0.2532211020588875,1.0,0.2669724225997925,1.0
467,komplisere_ADJ,7.001515390555071e-05,0.49119630369630374,0.0,0.2654201090335846,0.3333333333333333,0.24625450372695923,0.3333333333333333
468,politisk_ADJ,0.00046438958317602445,0.651098901098901,0.0,0.2881901115179062,0.3333333333333333,0.40591512620449066,0.3333333333333333
469,svart_ADJ,4.205989020055225e-05,0.8177244582043344,0.0,0.32382817566394806,1.0,0.533779539167881,1.0
470,amerikansk_ADJ,7.404217714675167e-05,0.4591450216450217,-0.3333333333333333,0.3768067955970764,0.3333333333333333,0.3506411910057068,1.0
471,rettslig_ADJ,0.00015344406208646903,0.670940170940171,0.0,0.28481902182102203,1.0,0.3445218652486801,1.0
472,mor_ADJ,1.2674318471549118e-05,0.8839869281045751,-0.3333333333333333,0.13571898639202118,0.3333333333333333,0.2463790476322174,-0.3333333333333333
473,samtidig_ADJ,0.0006416747137450433,0.4487179487179488,0.6666666666666666,0.2293296754360199,1.0,0.2481946498155594,0.3333333333333333
474,sur_ADJ,2.275232078964066e-05,0.9166666666666666,0.0,0.19419176876544952,1.0,0.36732104420661926,0.3333333333333333
475,ligge_ADJ,4.0067072025886165e-05,0.8169934640522876,0.3333333333333333,0.25166837871074677,0.3333333333333333,0.23327352106571198,0.3333333333333333
476,vart_ADJ,2.4315316055869542e-05,0.6069812540400775,0.3333333333333333,0.28697286546230316,1.0,0.28782986104488373,0.3333333333333333
477,populær_ADJ,1.696051141747393e-05,0.8492647058823529,0.0,0.2846447378396988,-0.3333333333333333,0.2748808413743973,0.3333333333333333
478,lt_ADJ,8.022015915406146e-05,0.7267156862745099,0.3333333333333333,0.1821708083152771,0.3333333333333333,0.365887388586998,0.3333333333333333
479,anføre_ADJ,1.5450526327455712e-05,0.7785087719298247,0.3333333333333333,0.4834709158167243,-0.3333333333333333,0.3888852745294571,-0.3333333333333333
480,vedta_ADJ,4.031953463267848e-05,0.7029061624649859,0.6666666666666666,0.30257557332515717,1.0,0.3416636884212494,0.3333333333333333
481,avansere_ADJ,3.191554621464946e-05,0.8340643274853801,0.6666666666666666,0.2509528249502182,0.3333333333333333,0.23195461928844452,0.3333333333333333
482,fullmektig_ADJ,1.6811422327025147e-05,0.7638888888888888,0.0,0.22654734551906586,0.3333333333333333,0.31252530217170715,0.3333333333333333
483,uavhengig_ADJ,0.00019750038874850832,0.6746031746031746,0.6666666666666666,0.24094197899103165,0.3333333333333333,0.350161612033844,0.3333333333333333
484,vitenskapelig_ADJ,0.0001360663653872471,0.6954365079365079,0.3333333333333333,0.34699796885252,1.0,0.38385674357414246,1.0
485,tom_ADJ,2.030026777374659e-05,0.8986068111455108,0.0,0.21015606820583344,0.3333333333333333,0.3652767688035965,-0.3333333333333333
486,særskild_ADJ,9.265749074966708e-06,0.8378267973856208,0.3333333333333333,0.2678437829017639,0.3333333333333333,0.22864770889282227,1.0
487,ie_ADJ,8.357596823787741e-06,0.9605263157894737,0.0,0.4743843600153923,-0.3333333333333333,0.5278974771499634,0.3333333333333333
488,være_ADJ,5.495593554391198e-05,0.9590643274853801,0.6666666666666666,0.4216639846563339,-0.3333333333333333,0.4189947545528412,-0.3333333333333333
489,koordinere_ADJ,4.168438886453686e-05,0.7237394957983192,0.0,0.32147078216075897,0.3333333333333333,0.3134808838367462,1.0
490,kvar_ADJ,1.2090341869246655e-05,0.5952380952380952,0.0,0.2844731956720352,-0.3333333333333333,0.2176700383424759,-0.3333333333333333
491,sist_ADJ,0.0006752988675454447,0.3653846153846154,0.6666666666666666,0.270452544093132,1.0,0.24702008068561554,0.3333333333333333
492,sk_ADJ,2.1140505163051063e-05,0.986842105263158,0.0,0.34846679121255875,-0.3333333333333333,0.510602094233036,-0.3333333333333333
493,nader_ADJ,2.8268780910483353e-05,0.48793363499245856,-0.3333333333333333,0.3077460676431656,0.3333333333333333,0.30845440924167633,1.0
494,redusere_ADJ,0.00014325676686901084,0.48210612916495277,0.0,0.23397812247276306,1.0,0.2559150606393814,1.0
495,ung_ADJ,0.00032360931716954636,0.4970238095238096,0.3333333333333333,0.28261083364486694,1.0,0.34058740735054016,0.3333333333333333
496,vor_ADJ,1.9513368400225616e-05,0.8031045751633987,0.0,0.22958926856517792,0.3333333333333333,0.23386013507843018,0.3333333333333333
497,biologisk_ADJ,0.00012815893599589346,0.8006535947712419,0.6666666666666666,0.32351475954055786,1.0,0.4057714492082596,1.0
498,adskillig_ADJ,1.8950594137304608e-05,0.7192460317460319,0.3333333333333333,0.32119789719581604,1.0,0.3803301900625229,1.0
499,mekanisk_ADJ,3.9689908083577936e-05,0.8519214703425231,0.0,0.24668927490711212,0.3333333333333333,0.3385277986526489,0.3333333333333333
500,antagelig_ADJ,5.0619488184705196e-05,0.48101459943565217,0.0,0.3012574315071106,-0.3333333333333333,0.40840262174606323,-1.0
501,sysselsatt_ADJ,3.161326141328599e-05,0.5712669683257918,0.6666666666666666,0.3154286816716194,0.3333333333333333,0.2621782422065735,0.3333333333333333
502,kommersiell_ADJ,6.113933392290175e-05,0.8839869281045751,-0.3333333333333333,0.28666967153549194,0.3333333333333333,0.3985152542591095,0.3333333333333333
503,ytre_ADJ,0.00012858047601243335,0.736842105263158,0.0,0.3133082166314125,-0.3333333333333333,0.41484616696834564,-0.3333333333333333
504,øre_ADJ,2.6553359603487617e-05,0.8524466804265566,0.0,0.5754945613443851,-0.3333333333333333,0.49107012152671814,0.3333333333333333
505,vedkommende_ADJ,0.0006204371540602304,0.7584617180205415,0.3333333333333333,0.2487204223871231,1.0,0.2660282403230667,1.0
506,langsiktig_ADJ,0.00014432508961443328,0.6679639804639805,0.3333333333333333,0.26896654069423676,1.0,0.33094270527362823,-0.3333333333333333
507,sein_ADJ,6.633749208426743e-05,0.5611263736263736,0.0,0.39855198562145233,0.3333333333333333,0.28837738931179047,0.3333333333333333
508,forskjellig_ADJ,0.0008013346032078025,0.5357142857142858,0.6666666666666666,0.23942483961582184,0.3333333333333333,0.19215264916419983,1.0
509,gift_ADJ,0.00010080187249981561,0.6754336349924586,0.3333333333333333,0.32481781393289566,-1.0,0.35221756994724274,0.3333333333333333
510,fremre_ADJ,0.0002937592249312607,0.51889338731444,0.0,0.3026384487748146,0.3333333333333333,0.3503318428993225,1.0
511,god_ADJ,0.0021365538023737974,0.48901098901098905,0.3333333333333333,0.252270370721817,1.0,0.1886749565601349,0.3333333333333333
512,indre_ADJ,0.000137793616802356,0.761437908496732,-0.3333333333333333,0.36619964241981506,1.0,0.4629557877779007,0.3333333333333333
513,grov_ADJ,9.678112382426992e-05,0.8410087719298246,0.3333333333333333,0.29886509478092194,0.3333333333333333,0.3778853416442871,0.3333333333333333
514,elektrisk_ADJ,0.00011954226254669977,0.9149466804265567,0.0,0.30448661744594574,0.3333333333333333,0.38512764871120453,0.3333333333333333
515,heil_ADJ,2.6826226744050033e-05,0.7430555555555556,0.0,0.3011491745710373,-0.3333333333333333,0.2427225410938263,0.3333333333333333
516,separat_ADJ,3.891170859544784e-05,0.7892156862745099,0.0,0.3138868287205696,0.3333333333333333,0.3308732807636261,0.3333333333333333
517,kollektiv_ADJ,7.166729041512698e-05,0.9035087719298246,0.3333333333333333,0.3295290097594261,0.3333333333333333,0.49164655804634094,0.3333333333333333
518,tradisjonell_ADJ,0.00023453989506982343,0.6069812540400775,0.3333333333333333,0.2518697828054428,0.3333333333333333,0.34359705448150635,0.3333333333333333
519,voksen_ADJ,0.00014746135968120611,0.7222222222222223,0.3333333333333333,0.2930258810520172,0.3333333333333333,0.39062854647636414,0.3333333333333333
520,marin_ADJ,4.527927686501247e-05,0.7892156862745099,0.0,0.2907187342643738,1.0,0.4098789244890213,1.0
521,åpen_ADJ,0.000148126065219211,0.5749299719887955,0.3333333333333333,0.25984638929367065,0.3333333333333333,0.36571431159973145,1.0
522,grundig_ADJ,7.172370212444756e-05,0.41908091908091905,0.6666666666666666,0.2868334800004959,1.0,0.23650671541690826,0.3333333333333333
523,intern_ADJ,0.00016161924970815134,0.8100490196078431,0.0,0.28865083307027817,0.3333333333333333,0.44673389196395874,0.3333333333333333
524,daværende_ADJ,2.6170630289624433e-05,0.9736842105263159,0.0,0.25987817347049713,-0.3333333333333333,0.3749613016843796,0.3333333333333333
525,pedagogisk_ADJ,0.0001887350561345591,0.8235294117647058,0.0,0.306691437959671,0.3333333333333333,0.4013358801603317,-0.3333333333333333
526,oppnevne_ADJ,3.7793902944635655e-05,0.5016025641025642,0.0,0.2753876745700836,-0.3333333333333333,0.2446112483739853,0.3333333333333333
527,tettbygd_ADJ,4.03967493208494e-05,0.5611263736263736,0.3333333333333333,0.38462308049201965,-0.3333333333333333,0.41335463523864746,-0.3333333333333333
528,bortse_ADJ,8.295694837558937e-05,0.6296992481203008,0.0,0.2529033273458481,0.3333333333333333,0.3746524602174759,0.3333333333333333
529,primær_ADJ,0.00011332966846599354,0.48793363499245856,0.3333333333333333,0.28431544452905655,0.3333333333333333,0.3560805916786194,0.3333333333333333
530,forene_ADJ,2.4682714490829204e-05,0.9444444444444444,0.0,0.33184389770030975,0.3333333333333333,0.376470610499382,0.3333333333333333
531,religiøs_ADJ,3.7625572294491195e-05,0.634453781512605,0.3333333333333333,0.32437290251255035,0.3333333333333333,0.33281584084033966,-0.3333333333333333
532,begrunne_ADJ,4.519935334369474e-05,0.5555555555555556,0.0,0.26179760694503784,0.3333333333333333,0.31830252707004547,0.3333333333333333
533,lige_ADJ,2.1066171620956824e-05,0.9736842105263159,0.0,0.43464674800634384,-0.3333333333333333,0.42514511942863464,0.3333333333333333
534,ein_ADJ,0.00019419796432726814,0.5439560439560439,-0.3333333333333333,0.28120438754558563,0.3333333333333333,0.26990289986133575,1.0
535,the_ADJ,1.0053492904568357e-05,0.8214869281045751,0.0,0.09266439080238342,0.3333333333333333,0.1204073578119278,0.3333333333333333
536,lønnsom_ADJ,5.7976612144910704e-05,0.5683760683760685,0.0,0.27557702362537384,1.0,0.2504997104406357,0.3333333333333333
537,hvit_ADJ,2.8771491890616942e-05,0.6398809523809523,0.0,0.1884303241968155,0.3333333333333333,0.33383533358573914,0.3333333333333333
538,konstitusjonell_ADJ,2.033916250785578e-05,0.7267156862745099,0.3333333333333333,0.309964194893837,1.0,0.3316134512424469,1.0
539,lik_ADJ,0.00021140224637930622,0.5958485958485958,0.0,0.25685253739356995,1.0,0.3171575665473938,1.0
540,mangle_ADJ,0.0001270974636796519,0.4558823529411765,0.0,0.24045589566230774,1.0,0.3500911593437195,1.0
541,høy_ADJ,0.0013050586792661605,0.612408424908425,0.6666666666666666,0.21459288895130157,0.3333333333333333,0.17848894000053406,0.3333333333333333
542,nordlig_ADJ,3.8932542564939604e-05,0.4383116883116883,0.6666666666666666,0.27964435517787933,-0.3333333333333333,0.2785155475139618,1.0
543,særlig_ADJ,0.0012381202799088345,0.612408424908425,0.6666666666666666,0.2294006645679474,0.3333333333333333,0.20609034597873688,1.0
544,aktuell_ADJ,0.0006095750915098309,0.604978354978355,-0.3333333333333333,0.22038789093494415,0.3333333333333333,0.23423950374126434,0.3333333333333333
545,snar_ADJ,0.0001603941395965992,0.5416666666666667,0.0,0.3451971486210823,0.3333333333333333,0.3128843605518341,0.3333333333333333
546,planlegge_ADJ,5.796951238611055e-05,0.8031045751633987,0.3333333333333333,0.30520547181367874,0.3333333333333333,0.3847789168357849,0.3333333333333333
547,nåværende_ADJ,0.0002362704605288585,0.5565476190476191,0.3333333333333333,0.23878778517246246,0.3333333333333333,0.34881410002708435,1.0
548,id_ADJ,1.2891577504128381e-05,0.9149466804265566,0.3333333333333333,0.48197998106479645,1.0,0.4807501882314682,0.3333333333333333
549,industriell_ADJ,9.03432585329139e-05,0.9035087719298246,0.3333333333333333,0.3360580503940582,0.3333333333333333,0.440888449549675,-0.3333333333333333
550,massiv_ADJ,1.0037584493437329e-05,0.8284313725490196,0.3333333333333333,0.2742847055196762,0.3333333333333333,0.35820285975933075,0.3333333333333333
551,konsentrere_ADJ,5.00979135492014e-05,0.7785087719298246,0.0,0.2493450939655304,0.3333333333333333,0.3048703372478485,-0.3333333333333333
552,skjønnsmessig_ADJ,4.664416901239757e-05,0.6954365079365079,-0.3333333333333333,0.33184316754341125,0.3333333333333333,0.30371715128421783,0.3333333333333333
553,ikkje_ADJ,2.9922637556717766e-05,0.5885989010989011,0.3333333333333333,0.2457176297903061,0.3333333333333333,0.19448283314704895,0.3333333333333333
554,konkret_ADJ,0.00030042227415487285,0.6507936507936507,0.3333333333333333,0.25378909707069397,0.3333333333333333,0.2494368851184845,0.3333333333333333
555,gi_ADJ,9.49806286633145e-05,0.5829959514170041,0.3333333333333333,0.23797564208507538,0.3333333333333333,0.3482249677181244,1.0
556,betydningsfull_ADJ,1.680536877414864e-05,0.6917735042735043,-0.3333333333333333,0.3057758957147598,-0.3333333333333333,0.2724917083978653,0.3333333333333333
557,organisasjonsmessig_ADJ,2.092845104798053e-05,0.5987394957983194,0.6666666666666666,0.3206520527601242,0.3333333333333333,0.3220263421535492,1.0
558,ferdig_ADJ,0.00010002892473559943,0.7291666666666667,0.3333333333333333,0.30740272998809814,-0.3333333333333333,0.28109827637672424,0.3333333333333333
559,anta_ADJ,4.267966405448294e-05,0.7023809523809523,0.0,0.24274899810552597,1.0,0.3562037795782089,1.0
560,ledig_ADJ,6.0323894386566474e-05,0.8361068111455108,0.0,0.36355432868003845,0.3333333333333333,0.36927637457847595,0.3333333333333333
561,demokratisk_ADJ,5.065261966272724e-05,0.8132309941520468,0.0,0.2942068427801132,1.0,0.3308288902044296,-0.3333333333333333
562,faktisk_ADJ,0.0002612594968070499,0.6617505301715827,0.0,0.21496261656284332,0.3333333333333333,0.30714820325374603,0.3333333333333333
563,formell_ADJ,0.00018783108272005976,0.6507936507936507,0.3333333333333333,0.2523587495088577,0.3333333333333333,0.346388041973114,1.0
564,østre_ADJ,1.573578808135522e-05,0.5119047619047619,0.0,0.19265109300613403,0.3333333333333333,0.22719202935695648,0.3333333333333333
565,bokstav_ADJ,5.671205530649941e-05,0.6863463334051569,0.0,0.33825477957725525,1.0,0.32489870488643646,0.3333333333333333
566,bosatt_ADJ,5.696873711740677e-05,0.48076923076923084,0.0,0.32591400295495987,0.3333333333333333,0.26956990361213684,-0.3333333333333333
567,generell_ADJ,0.0009557160396220716,0.7192460317460319,0.0,0.22488540410995483,0.3333333333333333,0.29139648377895355,0.3333333333333333
568,overveiende_ADJ,4.3828424403982153e-05,0.46955128205128216,0.3333333333333333,0.29175686836242676,0.3333333333333333,0.31510479748249054,1.0
569,høyre_ADJ,1.400213882334755e-05,0.6582633053221287,0.3333333333333333,0.2295130491256714,-0.3333333333333333,0.2947375178337097,-0.3333333333333333
570,kg_ADJ,4.5493852933463786e-05,0.8132309941520468,0.0,0.21402975916862488,0.3333333333333333,0.32657282054424286,1.0
